,mean_fit_time,std_fit_time,mean_score_time,std_score_time,param_alpha,param_kernel,params,split0_test_score,split1_test_score,split2_test_score,split3_test_score,split4_test_score,mean_test_score,std_test_score,rank_test_score
0,48.68292951583862,9.776149376609203,0.01267242431640625,0.005455724984533999,0.001,1**2 * RBF(length_scale=0.01) + 1**2 * RBF(length_scale=0.1) + WhiteKernel(noise_level=1),"{'alpha': 0.001, 'kernel': 1**2 * RBF(length_scale=0.01) + 1**2 * RBF(length_scale=0.1) + WhiteKernel(noise_level=1)}",-0.719114600995455,-0.6797001004267972,-0.6965009881340062,-0.8321380264900782,-0.7765340348168306,-0.7407975501726334,0.056187922203138396,174
1,51.425158214569095,9.34973874751416,0.01563153266906738,0.004421387525560175,0.001,1**2 * RBF(length_scale=0.01) + 1**2 * RBF(length_scale=0.1) + WhiteKernel(noise_level=0.5),"{'alpha': 0.001, 'kernel': 1**2 * RBF(length_scale=0.01) + 1**2 * RBF(length_scale=0.1) + WhiteKernel(noise_level=0.5)}",-0.7154458042448009,-0.6797000097036944,-0.7031970618713357,-0.8321379439577516,-0.7643082488571338,-0.7389578137269431,0.054163298518359965,168
2,45.26675143241882,13.555026328759704,0.013745260238647462,0.002950163110171332,0.001,1**2 * RBF(length_scale=0.01) + 1**2 * RBF(length_scale=0.1) + WhiteKernel(noise_level=0.25),"{'alpha': 0.001, 'kernel': 1**2 * RBF(length_scale=0.01) + 1**2 * RBF(length_scale=0.1) + WhiteKernel(noise_level=0.25)}",-0.7191127162785196,-0.7659963644893985,-0.7031969865751128,-0.6902116546144724,-0.776533399170934,-0.7310102242256875,0.03428130579172564,157
3,56.42648811340332,10.402268525609472,0.011639833450317383,0.002387000310934837,0.001,1**2 * RBF(length_scale=0.01) + 1**2 * RBF(length_scale=0.1) + WhiteKernel(noise_level=0.1),"{'alpha': 0.001, 'kernel': 1**2 * RBF(length_scale=0.01) + 1**2 * RBF(length_scale=0.1) + WhiteKernel(noise_level=0.1)}",-0.7191146951109811,-0.6797001178500756,-0.7417134067175006,-0.8321378918139429,-0.7643082563625038,-0.7473948735710009,0.05075838683376226,183
4,52.91654362678528,12.720348719662312,0.01226496696472168,0.003989898969546992,0.001,1**2 * RBF(length_scale=0.01) + 1**2 * RBF(length_scale=1) + WhiteKernel(noise_level=1),"{'alpha': 0.001, 'kernel': 1**2 * RBF(length_scale=0.01) + 1**2 * RBF(length_scale=1) + WhiteKernel(noise_level=1)}",-0.7686548044432036,-0.6797001239854273,-0.8073150708132133,-0.8321376300386372,-0.7643082581412322,-0.7704231774843426,0.05184761762206141,192
5,46.05997819900513,7.206824732564922,0.012170648574829102,0.0025549344160626583,0.001,1**2 * RBF(length_scale=0.01) + 1**2 * RBF(length_scale=1) + WhiteKernel(noise_level=0.5),"{'alpha': 0.001, 'kernel': 1**2 * RBF(length_scale=0.01) + 1**2 * RBF(length_scale=1) + WhiteKernel(noise_level=0.5)}",-0.7191143041494694,-0.7095484367472026,-0.7031969720204926,-0.6846525199233309,-0.7643083661324114,-0.7161641197945814,0.026576181641423623,140
6,49.03535161018372,3.990425510290891,0.016414928436279296,0.004342932647601545,0.001,1**2 * RBF(length_scale=0.01) + 1**2 * RBF(length_scale=1) + WhiteKernel(noise_level=0.25),"{'alpha': 0.001, 'kernel': 1**2 * RBF(length_scale=0.01) + 1**2 * RBF(length_scale=1) + WhiteKernel(noise_level=0.25)}",-0.7065033864922163,-0.750470927446965,-0.6965010966570843,-0.6902116753853288,-0.7643082673284588,-0.7215990706620106,0.030002053783249803,149
7,48.78516049385071,6.508733768444819,0.016508150100708007,0.005060771589195681,0.001,1**2 * RBF(length_scale=0.01) + 1**2 * RBF(length_scale=1) + WhiteKernel(noise_level=0.1),"{'alpha': 0.001, 'kernel': 1**2 * RBF(length_scale=0.01) + 1**2 * RBF(length_scale=1) + WhiteKernel(noise_level=0.1)}",-0.719114671875054,-0.6765389872896148,-0.6965011889774045,-0.6846485731354124,-0.7765334416928781,-0.7106673725940728,0.03592241999278932,107
8,60.05235185623169,28.388332296580977,0.014772129058837891,0.005093673701250163,0.001,1**2 * RBF(length_scale=0.01) + 1**2 * RBF(length_scale=5) + WhiteKernel(noise_level=1),"{'alpha': 0.001, 'kernel': 1**2 * RBF(length_scale=0.01) + 1**2 * RBF(length_scale=5) + WhiteKernel(noise_level=1)}",-0.7191146739958196,-0.6765385993092627,-0.8102687782352229,-0.6846495238951318,-0.7598651410153903,-0.7300873432901656,0.04973578717978419,156
9,44.319693374633786,10.585483927987102,0.013404178619384765,0.004400251769998598,0.001,1**2 * RBF(length_scale=0.01) + 1**2 * RBF(length_scale=5) + WhiteKernel(noise_level=0.5),"{'alpha': 0.001, 'kernel': 1**2 * RBF(length_scale=0.01) + 1**2 * RBF(length_scale=5) + WhiteKernel(noise_level=0.5)}",-0.7191068177290648,-0.7095482993854226,-0.7385509293242465,-0.6846497334781405,-0.7643082703080128,-0.7232328100449775,0.026887847277232722,151
10,49.686526727676394,14.621367590637153,0.016327428817749023,0.003729366135488385,0.001,1**2 * RBF(length_scale=0.01) + 1**2 * RBF(length_scale=5) + WhiteKernel(noise_level=0.25),"{'alpha': 0.001, 'kernel': 1**2 * RBF(length_scale=0.01) + 1**2 * RBF(length_scale=5) + WhiteKernel(noise_level=0.25)}",-0.7191145858283068,-0.7095483849468371,-0.6965009198913363,-0.8321382804026455,-0.7598649602771269,-0.7434334262692506,0.04915446803171727,176
11,42.89696035385132,8.897929554025751,0.015961551666259767,0.006185402047993737,0.001,1**2 * RBF(length_scale=0.01) + 1**2 * RBF(length_scale=5) + WhiteKernel(noise_level=0.1),"{'alpha': 0.001, 'kernel': 1**2 * RBF(length_scale=0.01) + 1**2 * RBF(length_scale=5) + WhiteKernel(noise_level=0.1)}",-0.7951873390524656,-0.6797001394329809,-0.7417126460178346,-0.8321377171164018,-0.7598647845998898,-0.7617205252439145,0.05139982729687057,190
12,44.742867374420165,11.885871559597042,0.013782024383544922,0.003284365570965378,0.001,1**2 * RBF(length_scale=0.01) + 1**2 * RBF(length_scale=10) + WhiteKernel(noise_level=1),"{'alpha': 0.001, 'kernel': 1**2 * RBF(length_scale=0.01) + 1**2 * RBF(length_scale=10) + WhiteKernel(noise_level=1)}",-0.7191147072280862,-0.7659926913485814,-0.6801225009756852,-0.8321352124080252,-0.7598651183169446,-0.7514460460554646,0.05084405724726746,184
13,40.626113414764404,5.088076392721677,0.023356103897094728,0.012554776033180195,0.001,1**2 * RBF(length_scale=0.01) + 1**2 * RBF(length_scale=10) + WhiteKernel(noise_level=0.5),"{'alpha': 0.001, 'kernel': 1**2 * RBF(length_scale=0.01) + 1**2 * RBF(length_scale=10) + WhiteKernel(noise_level=0.5)}",-0.7191146639827662,-0.6796997419958033,-0.6801246801548586,-0.6846495799917591,-0.7765335407513438,-0.7080244413753063,0.03726542405661329,52
14,47.97840576171875,8.379780951458672,0.016665220260620117,0.005892877973693893,0.001,1**2 * RBF(length_scale=0.01) + 1**2 * RBF(length_scale=10) + WhiteKernel(noise_level=0.25),"{'alpha': 0.001, 'kernel': 1**2 * RBF(length_scale=0.01) + 1**2 * RBF(length_scale=10) + WhiteKernel(noise_level=0.25)}",-0.7642827709394568,-0.7659932646654538,-0.7031925174301797,-0.6846491934225167,-0.764308293813636,-0.7364852080542487,0.03525033239670941,161
15,47.192320585250854,8.404942899534474,0.015558004379272461,0.004846531954787353,0.001,1**2 * RBF(length_scale=0.01) + 1**2 * RBF(length_scale=10) + WhiteKernel(noise_level=0.1),"{'alpha': 0.001, 'kernel': 1**2 * RBF(length_scale=0.01) + 1**2 * RBF(length_scale=10) + WhiteKernel(noise_level=0.1)}",-0.719114842156883,-0.7095484114765556,-0.6965009449850709,-0.832138013938892,-0.7643082571000611,-0.7443220939314925,0.049482440006547404,177
16,53.05458483695984,8.505760735956876,0.014178609848022461,0.0030806248058861964,0.001,1**2 * RBF(length_scale=0.001) + 1**2 * RBF(length_scale=0.1) + WhiteKernel(noise_level=1),"{'alpha': 0.001, 'kernel': 1**2 * RBF(length_scale=0.001) + 1**2 * RBF(length_scale=0.1) + WhiteKernel(noise_level=1)}",-0.7154457109273228,-0.6765391589464558,-0.6965009672576926,-0.6846500317821198,-0.7598653190823009,-0.7066002375991783,0.02967452291245613,26
17,51.526764726638795,9.70223439031749,0.0157071590423584,0.004863070006266817,0.001,1**2 * RBF(length_scale=0.001) + 1**2 * RBF(length_scale=0.1) + WhiteKernel(noise_level=0.5),"{'alpha': 0.001, 'kernel': 1**2 * RBF(length_scale=0.001) + 1**2 * RBF(length_scale=0.1) + WhiteKernel(noise_level=0.5)}",-0.7154454785982011,-0.6765391461497364,-0.6965008491715353,-0.6846513707465508,-0.7598650153910235,-0.7066003720114095,0.029674212587071588,31
18,53.27614541053772,12.133743290547969,0.013216257095336914,0.002374551442641369,0.001,1**2 * RBF(length_scale=0.001) + 1**2 * RBF(length_scale=0.1) + WhiteKernel(noise_level=0.25),"{'alpha': 0.001, 'kernel': 1**2 * RBF(length_scale=0.001) + 1**2 * RBF(length_scale=0.1) + WhiteKernel(noise_level=0.25)}",-0.7154461540152675,-0.6765371623923103,-0.6965005160347795,-0.6846492734153473,-0.7598649196211267,-0.7065996050957662,0.029674953348948728,8
19,66.36716270446777,33.58424105764533,0.014208698272705078,0.006029215533819514,0.001,1**2 * RBF(length_scale=0.001) + 1**2 * RBF(length_scale=0.1) + WhiteKernel(noise_level=0.1),"{'alpha': 0.001, 'kernel': 1**2 * RBF(length_scale=0.001) + 1**2 * RBF(length_scale=0.1) + WhiteKernel(noise_level=0.1)}",-0.7154458980147208,-0.676539687572163,-0.6965010567026206,-0.6846495415977031,-0.7598649070157498,-0.7066002181805915,0.029674345465061657,25
20,48.83182282447815,8.48155399630285,0.01599855422973633,0.0014688552718363852,0.001,1**2 * RBF(length_scale=0.001) + 1**2 * RBF(length_scale=1) + WhiteKernel(noise_level=1),"{'alpha': 0.001, 'kernel': 1**2 * RBF(length_scale=0.001) + 1**2 * RBF(length_scale=1) + WhiteKernel(noise_level=1)}",-0.7154465075431669,-0.6765435124834985,-0.6965009816188914,-0.6846496772443945,-0.7598648984302846,-0.7066011154640472,0.029673588854216375,35
21,43.347860431671144,11.568034681935918,0.015370798110961915,0.005584414306103365,0.001,1**2 * RBF(length_scale=0.001) + 1**2 * RBF(length_scale=1) + WhiteKernel(noise_level=0.5),"{'alpha': 0.001, 'kernel': 1**2 * RBF(length_scale=0.001) + 1**2 * RBF(length_scale=1) + WhiteKernel(noise_level=0.5)}",-0.7191141997674424,-0.6765370860815603,-0.6965012783200673,-0.6846494707856402,-0.7598650747095168,-0.7073334219328454,0.029928824055076714,38
22,40.497488832473756,4.614930588642717,0.013942861557006836,0.0033495857976035964,0.001,1**2 * RBF(length_scale=0.001) + 1**2 * RBF(length_scale=1) + WhiteKernel(noise_level=0.25),"{'alpha': 0.001, 'kernel': 1**2 * RBF(length_scale=0.001) + 1**2 * RBF(length_scale=1) + WhiteKernel(noise_level=0.25)}",-0.7191159475046599,-0.6765373603298038,-0.6964996599650333,-0.6846490026456398,-0.7598656441831237,-0.7073335229256521,0.02992929324385524,39
23,40.59398922920227,9.381747022483042,0.014050674438476563,0.0014727619933537685,0.001,1**2 * RBF(length_scale=0.001) + 1**2 * RBF(length_scale=1) + WhiteKernel(noise_level=0.1),"{'alpha': 0.001, 'kernel': 1**2 * RBF(length_scale=0.001) + 1**2 * RBF(length_scale=1) + WhiteKernel(noise_level=0.1)}",-0.7154458981689088,-0.676538423584059,-0.696501118406725,-0.6846471627354924,-0.7598650334299325,-0.7065995272650235,0.0296749946911454,7
24,48.953337049484254,15.268217328620711,0.011932754516601562,0.0008191578254561013,0.001,1**2 * RBF(length_scale=0.001) + 1**2 * RBF(length_scale=5) + WhiteKernel(noise_level=1),"{'alpha': 0.001, 'kernel': 1**2 * RBF(length_scale=0.001) + 1**2 * RBF(length_scale=5) + WhiteKernel(noise_level=1)}",-0.7191146735536413,-0.676538771999216,-0.6965007870352844,-0.6846487787904473,-0.7643082827789673,-0.7082222588315112,0.031499942796398554,54
25,41.85858178138733,7.131066019593411,0.019253635406494142,0.004371518671407128,0.001,1**2 * RBF(length_scale=0.001) + 1**2 * RBF(length_scale=5) + WhiteKernel(noise_level=0.5),"{'alpha': 0.001, 'kernel': 1**2 * RBF(length_scale=0.001) + 1**2 * RBF(length_scale=5) + WhiteKernel(noise_level=0.5)}",-0.7191146404628661,-0.676539450355831,-0.6965003936313513,-0.684649592263121,-0.7598643389730776,-0.7073336831372494,0.029928159552337102,41
26,58.935523653030394,23.59954558565588,0.015458345413208008,0.004828224008583219,0.001,1**2 * RBF(length_scale=0.001) + 1**2 * RBF(length_scale=5) + WhiteKernel(noise_level=0.25),"{'alpha': 0.001, 'kernel': 1**2 * RBF(length_scale=0.001) + 1**2 * RBF(length_scale=5) + WhiteKernel(noise_level=0.25)}",-0.7154460896900712,-0.6765407013098325,-0.7031962137064333,-0.6846437343105664,-0.7598650177290872,-0.707938351349198,0.029338317254802595,49
27,44.131055212020875,8.40394156710247,0.016946125030517577,0.0044626115386983585,0.001,1**2 * RBF(length_scale=0.001) + 1**2 * RBF(length_scale=5) + WhiteKernel(noise_level=0.1),"{'alpha': 0.001, 'kernel': 1**2 * RBF(length_scale=0.001) + 1**2 * RBF(length_scale=5) + WhiteKernel(noise_level=0.1)}",-0.7191150889203831,-0.6765390566766181,-0.7031957325400117,-0.6902111745985051,-0.7598645758308997,-0.7097851257132836,0.028729289265678203,79
28,47.70533447265625,6.98351502090374,0.01141510009765625,0.0019854227523678296,0.001,1**2 * RBF(length_scale=0.001) + 1**2 * RBF(length_scale=10) + WhiteKernel(noise_level=1),"{'alpha': 0.001, 'kernel': 1**2 * RBF(length_scale=0.001) + 1**2 * RBF(length_scale=10) + WhiteKernel(noise_level=1)}",-0.7191151594139903,-0.6765393042970526,-0.6965007981852861,-0.6902139415690389,-0.7598652342374336,-0.7084468875405603,0.029157851909670116,65
29,54.672190475463864,14.227713625958652,0.018051958084106444,0.005015256257986201,0.001,1**2 * RBF(length_scale=0.001) + 1**2 * RBF(length_scale=10) + WhiteKernel(noise_level=0.5),"{'alpha': 0.001, 'kernel': 1**2 * RBF(length_scale=0.001) + 1**2 * RBF(length_scale=10) + WhiteKernel(noise_level=0.5)}",-0.7154459587986932,-0.6765396528234424,-0.6965010155922075,-0.68464967283416,-0.7598650062858835,-0.7066002612668774,0.029674375149254643,27
30,46.071271085739134,8.136016797632122,0.014574003219604493,0.004846933843369507,0.001,1**2 * RBF(length_scale=0.001) + 1**2 * RBF(length_scale=10) + WhiteKernel(noise_level=0.25),"{'alpha': 0.001, 'kernel': 1**2 * RBF(length_scale=0.001) + 1**2 * RBF(length_scale=10) + WhiteKernel(noise_level=0.25)}",-0.7154460777787031,-0.6765390087333837,-0.6965014777506283,-0.6902102991610786,-0.7598650010156123,-0.7077123728878811,0.02892574009146025,46
31,40.09007477760315,5.943405418410547,0.013266992568969727,0.0011795088937866047,0.001,1**2 * RBF(length_scale=0.001) + 1**2 * RBF(length_scale=10) + WhiteKernel(noise_level=0.1),"{'alpha': 0.001, 'kernel': 1**2 * RBF(length_scale=0.001) + 1**2 * RBF(length_scale=10) + WhiteKernel(noise_level=0.1)}",-0.7154459506907859,-0.6765384014883714,-0.6965009409543055,-0.6846499716762141,-0.759864354080546,-0.7065999237780446,0.029674354925795166,16
32,43.266813611984254,10.997810257556933,0.01948246955871582,0.004996061229728566,0.001,1**2 * RBF(length_scale=0.0001) + 1**2 * RBF(length_scale=0.1) + WhiteKernel(noise_level=1),"{'alpha': 0.001, 'kernel': 1**2 * RBF(length_scale=0.0001) + 1**2 * RBF(length_scale=0.1) + WhiteKernel(noise_level=1)}",-0.719114025585979,-0.6765411585976875,-0.7031969551775689,-0.6902116574010982,-0.7643082591765991,-0.7106744111877865,0.030290369144584873,111
33,43.443410348892215,7.028978149808734,0.014837837219238282,0.003086341041975618,0.001,1**2 * RBF(length_scale=0.0001) + 1**2 * RBF(length_scale=0.1) + WhiteKernel(noise_level=0.5),"{'alpha': 0.001, 'kernel': 1**2 * RBF(length_scale=0.0001) + 1**2 * RBF(length_scale=0.1) + WhiteKernel(noise_level=0.5)}",-0.719115175948251,-0.6797011635043345,-0.7031969853179487,-0.6902079840629302,-0.7598650358403989,-0.7104172689347727,0.02801700220123741,92
34,40.97151746749878,4.551501032715363,0.01829533576965332,0.00534209889050834,0.001,1**2 * RBF(length_scale=0.0001) + 1**2 * RBF(length_scale=0.1) + WhiteKernel(noise_level=0.25),"{'alpha': 0.001, 'kernel': 1**2 * RBF(length_scale=0.0001) + 1**2 * RBF(length_scale=0.1) + WhiteKernel(noise_level=0.25)}",-0.7191144902786013,-0.6797000462057405,-0.7031969991275879,-0.6902116291812846,-0.7643073732218774,-0.7113061076030184,0.02959656322754036,114
35,44.2546106338501,4.591373816225749,0.017202091217041016,0.00472388035637294,0.001,1**2 * RBF(length_scale=0.0001) + 1**2 * RBF(length_scale=0.1) + WhiteKernel(noise_level=0.1),"{'alpha': 0.001, 'kernel': 1**2 * RBF(length_scale=0.0001) + 1**2 * RBF(length_scale=0.1) + WhiteKernel(noise_level=0.1)}",-0.7154451957722989,-0.6797001466196462,-0.7031971482105659,-0.6902122079856501,-0.7643082683107173,-0.7105725933797757,0.029439142202713122,102
36,50.15842781066895,7.777038824508829,0.015934514999389648,0.004818250036597153,0.001,1**2 * RBF(length_scale=0.0001) + 1**2 * RBF(length_scale=1) + WhiteKernel(noise_level=1),"{'alpha': 0.001, 'kernel': 1**2 * RBF(length_scale=0.0001) + 1**2 * RBF(length_scale=1) + WhiteKernel(noise_level=1)}",-0.7191109489903369,-0.6796987736904772,-0.7031928013432807,-0.6846495489192294,-0.7643081606178929,-0.7101920467122435,0.030460955109505215,88
37,49.6353259563446,14.358140535243333,0.013049793243408204,0.002440220818838951,0.001,1**2 * RBF(length_scale=0.0001) + 1**2 * RBF(length_scale=1) + WhiteKernel(noise_level=0.5),"{'alpha': 0.001, 'kernel': 1**2 * RBF(length_scale=0.0001) + 1**2 * RBF(length_scale=1) + WhiteKernel(noise_level=0.5)}",-0.7191137019944056,-0.6796998459226523,-0.703197029582539,-0.6846493661215779,-0.7643082539533137,-0.7101936395148977,0.030460771204424412,89
38,42.8639374256134,7.41004254967155,0.014765167236328125,0.0027289682788674023,0.001,1**2 * RBF(length_scale=0.0001) + 1**2 * RBF(length_scale=1) + WhiteKernel(noise_level=0.25),"{'alpha': 0.001, 'kernel': 1**2 * RBF(length_scale=0.0001) + 1**2 * RBF(length_scale=1) + WhiteKernel(noise_level=0.25)}",-0.7191145508862946,-0.6765377610311396,-0.6965010214397922,-0.6902116627531365,-0.7598662005212898,-0.7084462393263306,0.029158752652014477,61
39,43.08753204345703,3.7244767580024556,0.019825315475463866,0.005702150990183309,0.001,1**2 * RBF(length_scale=0.0001) + 1**2 * RBF(length_scale=1) + WhiteKernel(noise_level=0.1),"{'alpha': 0.001, 'kernel': 1**2 * RBF(length_scale=0.0001) + 1**2 * RBF(length_scale=1) + WhiteKernel(noise_level=0.1)}",-0.7191118538711115,-0.6797001566650905,-0.6964998195647206,-0.6902114549301916,-0.7643082586555957,-0.7099663087373421,0.030080987542135892,81
40,42.82385702133179,10.130610126933634,0.015493202209472656,0.004938533466089762,0.001,1**2 * RBF(length_scale=0.0001) + 1**2 * RBF(length_scale=5) + WhiteKernel(noise_level=1),"{'alpha': 0.001, 'kernel': 1**2 * RBF(length_scale=0.0001) + 1**2 * RBF(length_scale=5) + WhiteKernel(noise_level=1)}",-0.7191127292188997,-0.6796998970776781,-0.6965010919436668,-0.6902117051618959,-0.7643082614843366,-0.7099667369772955,0.030080947244197766,82
41,45.26233506202698,9.726626781728369,0.014067792892456054,0.002113858182155977,0.001,1**2 * RBF(length_scale=0.0001) + 1**2 * RBF(length_scale=5) + WhiteKernel(noise_level=0.5),"{'alpha': 0.001, 'kernel': 1**2 * RBF(length_scale=0.0001) + 1**2 * RBF(length_scale=5) + WhiteKernel(noise_level=0.5)}",-0.7191146892665324,-0.6797002004905129,-0.7031967866124826,-0.6902115593463777,-0.7643082629770814,-0.7113062997385974,0.02959688104916164,119
42,56.852468490600586,9.330919846204054,0.019174718856811525,0.004065764137256301,0.001,1**2 * RBF(length_scale=0.0001) + 1**2 * RBF(length_scale=5) + WhiteKernel(noise_level=0.25),"{'alpha': 0.001, 'kernel': 1**2 * RBF(length_scale=0.0001) + 1**2 * RBF(length_scale=5) + WhiteKernel(noise_level=0.25)}",-0.7154458561950043,-0.6796974590977884,-0.6965010102474605,-0.690211687338805,-0.7643082590281424,-0.7092328543814401,0.02989363080594486,71
43,48.276610660552976,12.797285610072068,0.017314815521240236,0.005883778107276661,0.001,1**2 * RBF(length_scale=0.0001) + 1**2 * RBF(length_scale=5) + WhiteKernel(noise_level=0.1),"{'alpha': 0.001, 'kernel': 1**2 * RBF(length_scale=0.0001) + 1**2 * RBF(length_scale=5) + WhiteKernel(noise_level=0.1)}",-0.7154462156815633,-0.6797001093872769,-0.7031972001475398,-0.6902116787807141,-0.7643082508065239,-0.7105726909607235,0.02943924798592924,104
44,55.73086881637573,6.8276516317805545,0.013719797134399414,0.0029230515211306754,0.001,1**2 * RBF(length_scale=0.0001) + 1**2 * RBF(length_scale=10) + WhiteKernel(noise_level=1),"{'alpha': 0.001, 'kernel': 1**2 * RBF(length_scale=0.0001) + 1**2 * RBF(length_scale=10) + WhiteKernel(noise_level=1)}",-0.7154438008298023,-0.6797000872775486,-0.7031969311748947,-0.6902104767431871,-0.7643082562707978,-0.7105719104592461,0.029439354428864285,101
45,47.413139295578006,16.238144773607395,0.012012243270874023,0.0012200259867519508,0.001,1**2 * RBF(length_scale=0.0001) + 1**2 * RBF(length_scale=10) + WhiteKernel(noise_level=0.5),"{'alpha': 0.001, 'kernel': 1**2 * RBF(length_scale=0.0001) + 1**2 * RBF(length_scale=10) + WhiteKernel(noise_level=0.5)}",-0.7191165366464386,-0.6765386419262074,-0.6965010831668069,-0.6902116712250156,-0.7643082602664351,-0.7093352386461808,0.030736785878890963,77
46,51.11689248085022,7.222986995856451,0.01547384262084961,0.005690537740342552,0.001,1**2 * RBF(length_scale=0.0001) + 1**2 * RBF(length_scale=10) + WhiteKernel(noise_level=0.25),"{'alpha': 0.001, 'kernel': 1**2 * RBF(length_scale=0.0001) + 1**2 * RBF(length_scale=10) + WhiteKernel(noise_level=0.25)}",-0.7154454326356424,-0.6797002981903713,-0.6965017561150936,-0.6902116181400691,-0.7643049401274796,-0.7092328090417312,0.02989177453203303,70
47,45.4792263507843,8.501094913093814,0.01720747947692871,0.006047082451879171,0.001,1**2 * RBF(length_scale=0.0001) + 1**2 * RBF(length_scale=10) + WhiteKernel(noise_level=0.1),"{'alpha': 0.001, 'kernel': 1**2 * RBF(length_scale=0.0001) + 1**2 * RBF(length_scale=10) + WhiteKernel(noise_level=0.1)}",-0.71911468636774,-0.6796998284338173,-0.7031969801993646,-0.6902117072045432,-0.764308304782746,-0.7113063013976422,0.029596943647468617,120
48,48.83476071357727,9.220986814332067,0.013295650482177734,0.0033116827048731636,1e-05,1**2 * RBF(length_scale=0.01) + 1**2 * RBF(length_scale=0.1) + WhiteKernel(noise_level=1),"{'alpha': 1e-05, 'kernel': 1**2 * RBF(length_scale=0.01) + 1**2 * RBF(length_scale=0.1) + WhiteKernel(noise_level=1)}",-0.7191146653102323,-0.6797001370728369,-0.7031968986725526,-0.8321381307569796,-0.7643083062082052,-0.7396916276041613,0.05386388839266284,170
49,51.49931421279907,9.480474614226202,0.012310791015625,0.0024029041559619135,1e-05,1**2 * RBF(length_scale=0.01) + 1**2 * RBF(length_scale=0.1) + WhiteKernel(noise_level=0.5),"{'alpha': 1e-05, 'kernel': 1**2 * RBF(length_scale=0.01) + 1**2 * RBF(length_scale=0.1) + WhiteKernel(noise_level=0.5)}",-0.7191150185915928,-0.6797002297827158,-0.6965006173234838,-0.8321381992716235,-0.7598649316099416,-0.7374637993158715,0.054435912288229305,162
50,45.113390874862674,6.261713160894144,0.019527721405029296,0.01580356164038035,1e-05,1**2 * RBF(length_scale=0.01) + 1**2 * RBF(length_scale=0.1) + WhiteKernel(noise_level=0.25),"{'alpha': 1e-05, 'kernel': 1**2 * RBF(length_scale=0.01) + 1**2 * RBF(length_scale=0.1) + WhiteKernel(noise_level=0.25)}",-0.7686560677155957,-0.709538357605843,-0.6965010613085775,-0.6902117129423005,-0.7643082317166752,-0.7258430862577983,0.03379027127846479,152
51,46.624751806259155,7.500018013537392,0.013687562942504884,0.0031749809839486153,1e-05,1**2 * RBF(length_scale=0.01) + 1**2 * RBF(length_scale=0.1) + WhiteKernel(noise_level=0.1),"{'alpha': 1e-05, 'kernel': 1**2 * RBF(length_scale=0.01) + 1**2 * RBF(length_scale=0.1) + WhiteKernel(noise_level=0.1)}",-0.7191146325882156,-0.6797007435808874,-0.7031965669067268,-0.6902111449447631,-0.7765161043865617,-0.7137478384814309,0.034038706289665654,135
52,43.29732184410095,7.4364504478876965,0.015138483047485352,0.0028510148143572754,1e-05,1**2 * RBF(length_scale=0.01) + 1**2 * RBF(length_scale=1) + WhiteKernel(noise_level=1),"{'alpha': 1e-05, 'kernel': 1**2 * RBF(length_scale=0.01) + 1**2 * RBF(length_scale=1) + WhiteKernel(noise_level=1)}",-0.7191100099701728,-0.7017961677980086,-0.6965010044297907,-0.8321381988498062,-0.7643082529040673,-0.7427707267903692,0.0506557821098075,175
53,48.95433688163757,5.809501433668598,0.016135168075561524,0.004358810678224836,1e-05,1**2 * RBF(length_scale=0.01) + 1**2 * RBF(length_scale=1) + WhiteKernel(noise_level=0.5),"{'alpha': 1e-05, 'kernel': 1**2 * RBF(length_scale=0.01) + 1**2 * RBF(length_scale=1) + WhiteKernel(noise_level=0.5)}",-0.719114591879505,-0.6797005843464589,-0.8073153669946653,-0.8321374430402185,-0.7643082679043297,-0.7605152508330355,0.05582007013419278,189
54,49.570339393615725,8.483083363814629,0.013927793502807618,0.0038766254136425914,1e-05,1**2 * RBF(length_scale=0.01) + 1**2 * RBF(length_scale=1) + WhiteKernel(noise_level=0.25),"{'alpha': 1e-05, 'kernel': 1**2 * RBF(length_scale=0.01) + 1**2 * RBF(length_scale=1) + WhiteKernel(noise_level=0.25)}",-0.7191144373304317,-0.6797000510391539,-0.7031969786297828,-0.6902112795848212,-0.7765335363377194,-0.7137512565843818,0.03404522362419515,136
55,51.553369188308714,14.42086523825954,0.020207881927490234,0.007853195685666123,1e-05,1**2 * RBF(length_scale=0.01) + 1**2 * RBF(length_scale=1) + WhiteKernel(noise_level=0.1),"{'alpha': 1e-05, 'kernel': 1**2 * RBF(length_scale=0.01) + 1**2 * RBF(length_scale=1) + WhiteKernel(noise_level=0.1)}",-0.7191147071604224,-0.6765390880148694,-0.6801224353620327,-0.684649327360841,-0.7598652059244813,-0.7040581527645292,0.03177435131829822,1
56,41.785118675231935,13.586065207624795,0.021657419204711915,0.008578113317965992,1e-05,1**2 * RBF(length_scale=0.01) + 1**2 * RBF(length_scale=5) + WhiteKernel(noise_level=1),"{'alpha': 1e-05, 'kernel': 1**2 * RBF(length_scale=0.01) + 1**2 * RBF(length_scale=5) + WhiteKernel(noise_level=1)}",-0.7686561477727392,-0.6765388244132382,-0.6801268360076493,-0.6902112202880968,-0.7598650063488688,-0.7150796069661185,0.040501117258927945,138
57,54.49654779434204,5.844075635650166,0.012148618698120117,0.002220594874997622,1e-05,1**2 * RBF(length_scale=0.01) + 1**2 * RBF(length_scale=5) + WhiteKernel(noise_level=0.5),"{'alpha': 1e-05, 'kernel': 1**2 * RBF(length_scale=0.01) + 1**2 * RBF(length_scale=5) + WhiteKernel(noise_level=0.5)}",-0.7154459839625494,-0.7095517267472062,-0.7031970044966701,-0.6902117240803148,-0.7643083225145267,-0.7165429523602536,0.02531031042212068,142
58,50.96131491661072,8.43006328987738,0.014843463897705078,0.003341212775512128,1e-05,1**2 * RBF(length_scale=0.01) + 1**2 * RBF(length_scale=5) + WhiteKernel(noise_level=0.25),"{'alpha': 1e-05, 'kernel': 1**2 * RBF(length_scale=0.01) + 1**2 * RBF(length_scale=5) + WhiteKernel(noise_level=0.25)}",-0.719114676293056,-0.6765404264937427,-0.6965010571092545,-0.6902115837984947,-0.7643082353061432,-0.7093351958001382,0.030736290788011794,75
59,44.09501581192016,6.785689727111234,0.013971757888793946,0.003086529117442841,1e-05,1**2 * RBF(length_scale=0.01) + 1**2 * RBF(length_scale=5) + WhiteKernel(noise_level=0.1),"{'alpha': 1e-05, 'kernel': 1**2 * RBF(length_scale=0.01) + 1**2 * RBF(length_scale=5) + WhiteKernel(noise_level=0.1)}",-0.7191146564468489,-0.6765322883811363,-0.680124377083588,-0.8321385265287752,-0.7643082581719425,-0.7344436213224583,0.058267436839633105,160
60,50.72189402580261,9.782925243798344,0.019015121459960937,0.005868902451650723,1e-05,1**2 * RBF(length_scale=0.01) + 1**2 * RBF(length_scale=10) + WhiteKernel(noise_level=1),"{'alpha': 1e-05, 'kernel': 1**2 * RBF(length_scale=0.01) + 1**2 * RBF(length_scale=10) + WhiteKernel(noise_level=1)}",-0.7191151947112729,-0.6797001950320264,-0.7031968534378132,-0.8321384385563607,-0.76430827387961,-0.7396917911234167,0.053863943864247185,171
61,45.6022611618042,15.059558942577441,0.01580204963684082,0.004890417377526516,1e-05,1**2 * RBF(length_scale=0.01) + 1**2 * RBF(length_scale=10) + WhiteKernel(noise_level=0.5),"{'alpha': 1e-05, 'kernel': 1**2 * RBF(length_scale=0.01) + 1**2 * RBF(length_scale=10) + WhiteKernel(noise_level=0.5)}",-0.7686560765969765,-0.701797136969329,-0.6965006172756595,-0.8321436113090885,-0.7598646231096147,-0.7517924130521336,0.04972437851894665,185
62,38.53250379562378,3.501681329780891,0.013661670684814452,0.001537784571904574,1e-05,1**2 * RBF(length_scale=0.01) + 1**2 * RBF(length_scale=10) + WhiteKernel(noise_level=0.25),"{'alpha': 1e-05, 'kernel': 1**2 * RBF(length_scale=0.01) + 1**2 * RBF(length_scale=10) + WhiteKernel(noise_level=0.25)}",-0.71544577900147,-0.6797001120109638,-0.6965003033401722,-0.8321362163109143,-0.7643081714728295,-0.7376181164272699,0.05510501352781951,163
63,40.51265993118286,6.526164417214135,0.013322162628173827,0.0010190017925111265,1e-05,1**2 * RBF(length_scale=0.01) + 1**2 * RBF(length_scale=10) + WhiteKernel(noise_level=0.1),"{'alpha': 1e-05, 'kernel': 1**2 * RBF(length_scale=0.01) + 1**2 * RBF(length_scale=10) + WhiteKernel(noise_level=0.1)}",-0.7686537301914192,-0.6797002771459296,-0.7031972461493244,-0.6902110445370757,-0.7598645421278387,-0.7203253680303175,0.036741311695363425,147
64,48.597887134552,8.754490243877287,0.01738147735595703,0.003937786233527029,1e-05,1**2 * RBF(length_scale=0.001) + 1**2 * RBF(length_scale=0.1) + WhiteKernel(noise_level=1),"{'alpha': 1e-05, 'kernel': 1**2 * RBF(length_scale=0.001) + 1**2 * RBF(length_scale=0.1) + WhiteKernel(noise_level=1)}",-0.7154462033167444,-0.6765385254967751,-0.6965010152469073,-0.6846500096136707,-0.7598650436565916,-0.7066001594661379,0.029674581746147077,23
65,48.066885471343994,3.9233398685767793,0.01670546531677246,0.004327419902964255,1e-05,1**2 * RBF(length_scale=0.001) + 1**2 * RBF(length_scale=0.1) + WhiteKernel(noise_level=0.5),"{'alpha': 1e-05, 'kernel': 1**2 * RBF(length_scale=0.001) + 1**2 * RBF(length_scale=0.1) + WhiteKernel(noise_level=0.5)}",-0.7154468578819836,-0.6765397270142786,-0.6965010016745466,-0.6846496188147949,-0.7598652676103406,-0.7066004945991888,0.029674516474886257,33
66,45.29375467300415,11.352234310238256,0.015280532836914062,0.004554142909704812,1e-05,1**2 * RBF(length_scale=0.001) + 1**2 * RBF(length_scale=0.1) + WhiteKernel(noise_level=0.25),"{'alpha': 1e-05, 'kernel': 1**2 * RBF(length_scale=0.001) + 1**2 * RBF(length_scale=0.1) + WhiteKernel(noise_level=0.25)}",-0.71544601004728,-0.6765368976843538,-0.6965009684819755,-0.6846494081824074,-0.7598637819910871,-0.7065994132774207,0.029674539267240674,6
67,48.40119528770447,8.650586669496587,0.014736795425415039,0.0026076034536627432,1e-05,1**2 * RBF(length_scale=0.001) + 1**2 * RBF(length_scale=0.1) + WhiteKernel(noise_level=0.1),"{'alpha': 1e-05, 'kernel': 1**2 * RBF(length_scale=0.001) + 1**2 * RBF(length_scale=0.1) + WhiteKernel(noise_level=0.1)}",-0.7154458916874883,-0.6765405421626255,-0.6965010665629477,-0.684649553707228,-0.7598650029462628,-0.7066004114133104,0.029674203922803486,32
68,47.1084282875061,7.844604676217166,0.018082237243652342,0.0058456780244416804,1e-05,1**2 * RBF(length_scale=0.001) + 1**2 * RBF(length_scale=1) + WhiteKernel(noise_level=1),"{'alpha': 1e-05, 'kernel': 1**2 * RBF(length_scale=0.001) + 1**2 * RBF(length_scale=1) + WhiteKernel(noise_level=1)}",-0.7154456658383077,-0.67654999116891,-0.6965017436115296,-0.6846490002751645,-0.759865022066262,-0.7066022845920348,0.029672318937020006,37
69,44.9448784828186,9.525167691891172,0.01710028648376465,0.006714116964245602,1e-05,1**2 * RBF(length_scale=0.001) + 1**2 * RBF(length_scale=1) + WhiteKernel(noise_level=0.5),"{'alpha': 1e-05, 'kernel': 1**2 * RBF(length_scale=0.001) + 1**2 * RBF(length_scale=1) + WhiteKernel(noise_level=0.5)}",-0.7191129380500323,-0.6765396092212964,-0.6965010882154467,-0.6902115948424218,-0.7598651233470324,-0.7084460707352459,0.029157853263333217,59
70,47.06014995574951,9.336608468953743,0.0142364501953125,0.0020732518278936667,1e-05,1**2 * RBF(length_scale=0.001) + 1**2 * RBF(length_scale=1) + WhiteKernel(noise_level=0.25),"{'alpha': 1e-05, 'kernel': 1**2 * RBF(length_scale=0.001) + 1**2 * RBF(length_scale=1) + WhiteKernel(noise_level=0.25)}",-0.7191132675614429,-0.6765389489591053,-0.6965010487423517,-0.690211793825486,-0.7598651032122322,-0.7084460324601236,0.029157993119763474,58
71,44.60924382209778,12.406370041448296,0.014058256149291992,0.002134950169009046,1e-05,1**2 * RBF(length_scale=0.001) + 1**2 * RBF(length_scale=1) + WhiteKernel(noise_level=0.1),"{'alpha': 1e-05, 'kernel': 1**2 * RBF(length_scale=0.001) + 1**2 * RBF(length_scale=1) + WhiteKernel(noise_level=0.1)}",-0.7154399809981881,-0.6765397203974419,-0.6965012052486609,-0.6846430393072148,-0.7598644906913681,-0.7065976873285746,0.029674788605801642,3
72,48.434531927108765,13.852576934821169,0.014540815353393554,0.004806168027804389,1e-05,1**2 * RBF(length_scale=0.001) + 1**2 * RBF(length_scale=5) + WhiteKernel(noise_level=1),"{'alpha': 1e-05, 'kernel': 1**2 * RBF(length_scale=0.001) + 1**2 * RBF(length_scale=5) + WhiteKernel(noise_level=1)}",-0.7191146952727283,-0.6765387022121707,-0.696501244934679,-0.6846505031217233,-0.759864513245316,-0.7073339317573234,0.02992817930203917,43
73,44.918634271621706,6.835457651890573,0.014913415908813477,0.005045152112908981,1e-05,1**2 * RBF(length_scale=0.001) + 1**2 * RBF(length_scale=5) + WhiteKernel(noise_level=0.5),"{'alpha': 1e-05, 'kernel': 1**2 * RBF(length_scale=0.001) + 1**2 * RBF(length_scale=5) + WhiteKernel(noise_level=0.5)}",-0.7191159894367544,-0.6765391224197367,-0.6965010371171979,-0.690211672986308,-0.7643082651331099,-0.7093352174186214,0.0307366538814169,76
74,45.377653408050534,5.168522120867484,0.015345430374145508,0.005344210028311615,1e-05,1**2 * RBF(length_scale=0.001) + 1**2 * RBF(length_scale=5) + WhiteKernel(noise_level=0.25),"{'alpha': 1e-05, 'kernel': 1**2 * RBF(length_scale=0.001) + 1**2 * RBF(length_scale=5) + WhiteKernel(noise_level=0.25)}",-0.7154458976626954,-0.6765392584239149,-0.7031969016254322,-0.6902118056606676,-0.7598648598222567,-0.7090517446389935,0.028527678190922768,69
75,47.989965772628786,7.504247829464741,0.014622020721435546,0.003111887804893063,1e-05,1**2 * RBF(length_scale=0.001) + 1**2 * RBF(length_scale=5) + WhiteKernel(noise_level=0.1),"{'alpha': 1e-05, 'kernel': 1**2 * RBF(length_scale=0.001) + 1**2 * RBF(length_scale=5) + WhiteKernel(noise_level=0.1)}",-0.719115079864112,-0.6765402553310765,-0.696501269763105,-0.6902111620977021,-0.7598649748432047,-0.70844654837984,0.02915785545681688,64
76,51.94479827880859,8.195187343080367,0.014732074737548829,0.004711619805563572,1e-05,1**2 * RBF(length_scale=0.001) + 1**2 * RBF(length_scale=10) + WhiteKernel(noise_level=1),"{'alpha': 1e-05, 'kernel': 1**2 * RBF(length_scale=0.001) + 1**2 * RBF(length_scale=10) + WhiteKernel(noise_level=1)}",-0.715445206232926,-0.6765387904285632,-0.6965011902477769,-0.6846495502162842,-0.7598643368387032,-0.7065998147928507,0.02967427093296545,13
77,57.107714319229125,7.259808173103442,0.016790485382080077,0.004715489438295801,1e-05,1**2 * RBF(length_scale=0.001) + 1**2 * RBF(length_scale=10) + WhiteKernel(noise_level=0.5),"{'alpha': 1e-05, 'kernel': 1**2 * RBF(length_scale=0.001) + 1**2 * RBF(length_scale=10) + WhiteKernel(noise_level=0.5)}",-0.7154450539911247,-0.6765386728546116,-0.6965008114629925,-0.68464952917692,-0.7598649359940526,-0.7065998006959402,0.02967452966623329,12
78,40.94153962135315,4.255900979850159,0.017148447036743165,0.0026095685424644484,1e-05,1**2 * RBF(length_scale=0.001) + 1**2 * RBF(length_scale=10) + WhiteKernel(noise_level=0.25),"{'alpha': 1e-05, 'kernel': 1**2 * RBF(length_scale=0.001) + 1**2 * RBF(length_scale=10) + WhiteKernel(noise_level=0.25)}",-0.7154458226881327,-0.6765384985740692,-0.6965010432399088,-0.6846532828195172,-0.7598647718369897,-0.7066006838317235,0.029673980812024058,34
79,47.356568050384524,9.650730225699819,0.019340372085571288,0.006330135180131036,1e-05,1**2 * RBF(length_scale=0.001) + 1**2 * RBF(length_scale=10) + WhiteKernel(noise_level=0.1),"{'alpha': 1e-05, 'kernel': 1**2 * RBF(length_scale=0.001) + 1**2 * RBF(length_scale=10) + WhiteKernel(noise_level=0.1)}",-0.7154463943109256,-0.6765391080680869,-0.6965009695197664,-0.6846501208487037,-0.7598650688168236,-0.7066003323128613,0.029674470788718463,28
80,41.12403607368469,6.331031890239998,0.015759372711181642,0.004436736414870227,1e-05,1**2 * RBF(length_scale=0.0001) + 1**2 * RBF(length_scale=0.1) + WhiteKernel(noise_level=1),"{'alpha': 1e-05, 'kernel': 1**2 * RBF(length_scale=0.0001) + 1**2 * RBF(length_scale=0.1) + WhiteKernel(noise_level=1)}",-0.7191145757598886,-0.6797002063605454,-0.7417127717954307,-0.6846491278143251,-0.7598649844755987,-0.7170083332411578,0.03127443877691778,143
81,42.72056460380554,10.35953837116291,0.010848331451416015,0.0020795267473472153,1e-05,1**2 * RBF(length_scale=0.0001) + 1**2 * RBF(length_scale=0.1) + WhiteKernel(noise_level=0.5),"{'alpha': 1e-05, 'kernel': 1**2 * RBF(length_scale=0.0001) + 1**2 * RBF(length_scale=0.1) + WhiteKernel(noise_level=0.5)}",-0.7191153536112173,-0.679700491574315,-0.6965014376383842,-0.6846486815317894,-0.7643082596642202,-0.7088548448039852,0.030883265960206754,67
82,43.6828773021698,6.183116793872358,0.015417003631591797,0.0018788026033847343,1e-05,1**2 * RBF(length_scale=0.0001) + 1**2 * RBF(length_scale=0.1) + WhiteKernel(noise_level=0.25),"{'alpha': 1e-05, 'kernel': 1**2 * RBF(length_scale=0.0001) + 1**2 * RBF(length_scale=0.1) + WhiteKernel(noise_level=0.25)}",-0.7191146464898015,-0.679700161263606,-0.6965009852939122,-0.6902116517294841,-0.7643082602773554,-0.7099671410108319,0.030081026808216088,84
83,46.203329706192015,6.81001201543936,0.019858551025390626,0.005229609853226909,1e-05,1**2 * RBF(length_scale=0.0001) + 1**2 * RBF(length_scale=0.1) + WhiteKernel(noise_level=0.1),"{'alpha': 1e-05, 'kernel': 1**2 * RBF(length_scale=0.0001) + 1**2 * RBF(length_scale=0.1) + WhiteKernel(noise_level=0.1)}",-0.7191146702654231,-0.6796994186808956,-0.7385549357158494,-0.690211540080653,-0.7643082092721742,-0.718377754802999,0.03100521781472708,146
84,44.23024377822876,2.7851972110042995,0.01483139991760254,0.002056651556969763,1e-05,1**2 * RBF(length_scale=0.0001) + 1**2 * RBF(length_scale=1) + WhiteKernel(noise_level=1),"{'alpha': 1e-05, 'kernel': 1**2 * RBF(length_scale=0.0001) + 1**2 * RBF(length_scale=1) + WhiteKernel(noise_level=1)}",-0.7191143061855821,-0.6765389607282323,-0.6965010353039576,-0.6902120774024711,-0.7598651915812051,-0.7084463142402897,0.029158063341767997,62
85,45.781019353866576,19.768776793296222,0.018697214126586915,0.003738852503732299,1e-05,1**2 * RBF(length_scale=0.0001) + 1**2 * RBF(length_scale=1) + WhiteKernel(noise_level=0.5),"{'alpha': 1e-05, 'kernel': 1**2 * RBF(length_scale=0.0001) + 1**2 * RBF(length_scale=1) + WhiteKernel(noise_level=0.5)}",-0.7154470872834184,-0.6797006980418469,-0.7031969766310111,-0.69021155775383,-0.764308251156009,-0.7105729141732231,0.02943918145223568,105
86,46.65424923896789,6.223691572876629,0.013535118103027344,0.0023739508029327894,1e-05,1**2 * RBF(length_scale=0.0001) + 1**2 * RBF(length_scale=1) + WhiteKernel(noise_level=0.25),"{'alpha': 1e-05, 'kernel': 1**2 * RBF(length_scale=0.0001) + 1**2 * RBF(length_scale=1) + WhiteKernel(noise_level=0.25)}",-0.7191146329850969,-0.6797007746132222,-0.7031969730902842,-0.6846495632050328,-0.7643082196101678,-0.7101940327007608,0.030460597131714656,90
87,42.205128288269044,11.546662568134009,0.012465572357177735,0.0026210891273784065,1e-05,1**2 * RBF(length_scale=0.0001) + 1**2 * RBF(length_scale=1) + WhiteKernel(noise_level=0.1),"{'alpha': 1e-05, 'kernel': 1**2 * RBF(length_scale=0.0001) + 1**2 * RBF(length_scale=1) + WhiteKernel(noise_level=0.1)}",-0.7191151782631549,-0.6797004103037853,-0.6965009957120056,-0.6902115989646473,-0.7643103625744105,-0.7099677091636007,0.030081774589623685,87
88,50.71784386634827,10.190587969006646,0.014429473876953125,0.005243157648119305,1e-05,1**2 * RBF(length_scale=0.0001) + 1**2 * RBF(length_scale=5) + WhiteKernel(noise_level=1),"{'alpha': 1e-05, 'kernel': 1**2 * RBF(length_scale=0.0001) + 1**2 * RBF(length_scale=5) + WhiteKernel(noise_level=1)}",-0.7191146060225272,-0.6797001623000244,-0.7031969882876018,-0.6902117500756424,-0.7643082147311754,-0.7113063442833941,0.02959682929427505,125
89,42.42402400970459,4.557518322409031,0.015808677673339842,0.004529321136074437,1e-05,1**2 * RBF(length_scale=0.0001) + 1**2 * RBF(length_scale=5) + WhiteKernel(noise_level=0.5),"{'alpha': 1e-05, 'kernel': 1**2 * RBF(length_scale=0.0001) + 1**2 * RBF(length_scale=5) + WhiteKernel(noise_level=0.5)}",-0.7191147919369003,-0.6796999880609831,-0.7031969966977423,-0.6902107044837609,-0.7598651981525401,-0.7104175358663853,0.02801690037213473,93
90,45.886171436309816,7.064869623965822,0.011873674392700196,0.002488629466608217,1e-05,1**2 * RBF(length_scale=0.0001) + 1**2 * RBF(length_scale=5) + WhiteKernel(noise_level=0.25),"{'alpha': 1e-05, 'kernel': 1**2 * RBF(length_scale=0.0001) + 1**2 * RBF(length_scale=5) + WhiteKernel(noise_level=0.25)}",-0.7191146739554727,-0.679704103667396,-0.7031969565033132,-0.6902121300196147,-0.7598649801795766,-0.7104185688650746,0.028015710106739856,99
91,47.22777118682861,8.09156121671375,0.01716747283935547,0.006223255694980325,1e-05,1**2 * RBF(length_scale=0.0001) + 1**2 * RBF(length_scale=5) + WhiteKernel(noise_level=0.1),"{'alpha': 1e-05, 'kernel': 1**2 * RBF(length_scale=0.0001) + 1**2 * RBF(length_scale=5) + WhiteKernel(noise_level=0.1)}",-0.7191146071584839,-0.6797002927247933,-0.6965011759094826,-0.6846495622753457,-0.7643082648626397,-0.7088547805861489,0.03088313864922518,66
92,45.081151723861694,6.933682300028263,0.017601823806762694,0.006231442649032462,1e-05,1**2 * RBF(length_scale=0.0001) + 1**2 * RBF(length_scale=10) + WhiteKernel(noise_level=1),"{'alpha': 1e-05, 'kernel': 1**2 * RBF(length_scale=0.0001) + 1**2 * RBF(length_scale=10) + WhiteKernel(noise_level=1)}",-0.7191147383501544,-0.6797062741572871,-0.7031969572097982,-0.6902115579790181,-0.7598628194885589,-0.7104184694369634,0.02801455797776775,98
93,42.765717363357545,3.145939894835433,0.014190340042114257,0.0022909141849303113,1e-05,1**2 * RBF(length_scale=0.0001) + 1**2 * RBF(length_scale=10) + WhiteKernel(noise_level=0.5),"{'alpha': 1e-05, 'kernel': 1**2 * RBF(length_scale=0.0001) + 1**2 * RBF(length_scale=10) + WhiteKernel(noise_level=0.5)}",-0.71911470937918,-0.6765382641132728,-0.7031953272191321,-0.690211658147363,-0.7643082528124459,-0.7106736423342788,0.030291137628419906,108
94,44.61874041557312,6.693142199687573,0.01722683906555176,0.0038756407628099962,1e-05,1**2 * RBF(length_scale=0.0001) + 1**2 * RBF(length_scale=10) + WhiteKernel(noise_level=0.25),"{'alpha': 1e-05, 'kernel': 1**2 * RBF(length_scale=0.0001) + 1**2 * RBF(length_scale=10) + WhiteKernel(noise_level=0.25)}",-0.7154542731859175,-0.676540612757447,-0.7031969250533067,-0.6846463583217831,-0.7598645913494884,-0.7079405521335885,0.029338164593548155,51
95,45.26493754386902,5.3148164389569095,0.013561153411865234,0.0028904776613912467,1e-05,1**2 * RBF(length_scale=0.0001) + 1**2 * RBF(length_scale=10) + WhiteKernel(noise_level=0.1),"{'alpha': 1e-05, 'kernel': 1**2 * RBF(length_scale=0.0001) + 1**2 * RBF(length_scale=10) + WhiteKernel(noise_level=0.1)}",-0.7191146979115628,-0.6797001632266062,-0.7031969414884824,-0.6902116563521755,-0.7643082619405062,-0.7113063441838665,0.029596866777798967,124
96,46.241094732284544,14.476309535675314,0.016426753997802735,0.006388244377010918,1e-07,1**2 * RBF(length_scale=0.01) + 1**2 * RBF(length_scale=0.1) + WhiteKernel(noise_level=1),"{'alpha': 1e-07, 'kernel': 1**2 * RBF(length_scale=0.01) + 1**2 * RBF(length_scale=0.1) + WhiteKernel(noise_level=1)}",-0.7191146578600188,-0.679700083701176,-0.696501056194332,-0.6846495705282257,-0.7765335773629429,-0.7112997891293391,0.035339205796678284,112
97,41.30290598869324,2.4952747520636747,0.01435551643371582,0.005566543089422905,1e-07,1**2 * RBF(length_scale=0.01) + 1**2 * RBF(length_scale=0.1) + WhiteKernel(noise_level=0.5),"{'alpha': 1e-07, 'kernel': 1**2 * RBF(length_scale=0.01) + 1**2 * RBF(length_scale=0.1) + WhiteKernel(noise_level=0.5)}",-0.7191135134466753,-0.7095484115933365,-0.8073173169394854,-0.6902113838162787,-0.7737261224204779,-0.7399833496432509,0.04361541462786125,172
98,46.493461513519286,6.019058144424466,0.016166543960571288,0.004666910569349718,1e-07,1**2 * RBF(length_scale=0.01) + 1**2 * RBF(length_scale=0.1) + WhiteKernel(noise_level=0.25),"{'alpha': 1e-07, 'kernel': 1**2 * RBF(length_scale=0.01) + 1**2 * RBF(length_scale=0.1) + WhiteKernel(noise_level=0.25)}",-0.7191146708873691,-0.6797003580375364,-0.8102681005027136,-0.6902116102174233,-0.7643082586982533,-0.7327205996686591,0.048610033107100506,158
99,41.96874341964722,9.433507368941859,0.01174783706665039,0.002431693949626976,1e-07,1**2 * RBF(length_scale=0.01) + 1**2 * RBF(length_scale=0.1) + WhiteKernel(noise_level=0.1),"{'alpha': 1e-07, 'kernel': 1**2 * RBF(length_scale=0.01) + 1**2 * RBF(length_scale=0.1) + WhiteKernel(noise_level=0.1)}",-0.7686560342176625,-0.7095483976849325,-0.7031969913267715,-0.684649524757798,-0.7765334601934242,-0.7285168816361176,0.03699186022488753,154
100,57.360209703445435,16.07725886807517,0.021663141250610352,0.00581432805834105,1e-07,1**2 * RBF(length_scale=0.01) + 1**2 * RBF(length_scale=1) + WhiteKernel(noise_level=1),"{'alpha': 1e-07, 'kernel': 1**2 * RBF(length_scale=0.01) + 1**2 * RBF(length_scale=1) + WhiteKernel(noise_level=1)}",-0.7154437039060538,-0.7504708515097324,-0.696498932090385,-0.6902116236581738,-0.7598647589977315,-0.7224979740324153,0.028095835358332325,150
101,44.664712858200076,12.750640012606741,0.01192941665649414,0.0020042742707339417,1e-07,1**2 * RBF(length_scale=0.01) + 1**2 * RBF(length_scale=1) + WhiteKernel(noise_level=0.5),"{'alpha': 1e-07, 'kernel': 1**2 * RBF(length_scale=0.01) + 1**2 * RBF(length_scale=1) + WhiteKernel(noise_level=0.5)}",-0.7191147539938582,-0.6765407800254412,-0.7031969851115497,-0.690211640771844,-0.7921212055549575,-0.7162370730915301,0.04047183048057902,141
102,38.794847631454466,5.639528704135508,0.01236863136291504,0.0029962377610309537,1e-07,1**2 * RBF(length_scale=0.01) + 1**2 * RBF(length_scale=1) + WhiteKernel(noise_level=0.25),"{'alpha': 1e-07, 'kernel': 1**2 * RBF(length_scale=0.01) + 1**2 * RBF(length_scale=1) + WhiteKernel(noise_level=0.25)}",-0.7191142100486322,-0.7095483723028316,-0.8073156080269411,-0.6902116762469525,-0.7643081948355359,-0.7380996122921786,0.042300395001552527,165
103,38.7324197769165,6.891687203406808,0.015885114669799805,0.0016823957460125384,1e-07,1**2 * RBF(length_scale=0.01) + 1**2 * RBF(length_scale=1) + WhiteKernel(noise_level=0.1),"{'alpha': 1e-07, 'kernel': 1**2 * RBF(length_scale=0.01) + 1**2 * RBF(length_scale=1) + WhiteKernel(noise_level=0.1)}",-0.7154457436194076,-0.6797005956635692,-0.703197504877213,-0.6902114276963942,-0.7737262582586357,-0.712456306023044,0.032913341840881315,134
104,46.799318838119504,8.681470347639861,0.015401792526245118,0.004061994967830085,1e-07,1**2 * RBF(length_scale=0.01) + 1**2 * RBF(length_scale=5) + WhiteKernel(noise_level=1),"{'alpha': 1e-07, 'kernel': 1**2 * RBF(length_scale=0.01) + 1**2 * RBF(length_scale=5) + WhiteKernel(noise_level=1)}",-0.7154473795989077,-0.6797001508149199,-0.7031971733031271,-0.6902119922432363,-0.7643082597369822,-0.7105729911394347,0.029439239081921934,106
105,53.06912932395935,6.792995764923642,0.014887523651123048,0.00506570885985032,1e-07,1**2 * RBF(length_scale=0.01) + 1**2 * RBF(length_scale=5) + WhiteKernel(noise_level=0.5),"{'alpha': 1e-07, 'kernel': 1**2 * RBF(length_scale=0.01) + 1**2 * RBF(length_scale=5) + WhiteKernel(noise_level=0.5)}",-0.7154421556062509,-0.7095201557061444,-0.7417122915169427,-0.8321381155758818,-0.7643082615377189,-0.7526241959885878,0.04431368382509763,186
106,60.306885433197024,17.58385923275892,0.016492176055908202,0.004852303087985617,1e-07,1**2 * RBF(length_scale=0.01) + 1**2 * RBF(length_scale=5) + WhiteKernel(noise_level=0.25),"{'alpha': 1e-07, 'kernel': 1**2 * RBF(length_scale=0.01) + 1**2 * RBF(length_scale=5) + WhiteKernel(noise_level=0.25)}",-0.7686563746107853,-0.6797008313944174,-0.6801225827072599,-0.8321378324970677,-0.7643078633220703,-0.7449850969063202,0.05830691053849831,179
107,56.486571598052976,20.303041757590794,0.015968751907348634,0.004706328121165837,1e-07,1**2 * RBF(length_scale=0.01) + 1**2 * RBF(length_scale=5) + WhiteKernel(noise_level=0.1),"{'alpha': 1e-07, 'kernel': 1**2 * RBF(length_scale=0.01) + 1**2 * RBF(length_scale=5) + WhiteKernel(noise_level=0.1)}",-0.7191145924297139,-0.6765395229499331,-0.6965012384892634,-0.8321294192647165,-0.7643082566638612,-0.7377186059594976,0.05551265097618171,164
108,50.553504180908206,8.37498661647958,0.01461496353149414,0.0035784485801718625,1e-07,1**2 * RBF(length_scale=0.01) + 1**2 * RBF(length_scale=10) + WhiteKernel(noise_level=1),"{'alpha': 1e-07, 'kernel': 1**2 * RBF(length_scale=0.01) + 1**2 * RBF(length_scale=10) + WhiteKernel(noise_level=1)}",-0.7191147327970865,-0.6797002425703845,-0.7031969852890361,-0.8321377855079928,-0.7643083513145168,-0.7396916194958034,0.053863733612316556,169
109,43.154439210891724,10.575133382341757,0.01260995864868164,0.0028813991813418996,1e-07,1**2 * RBF(length_scale=0.01) + 1**2 * RBF(length_scale=10) + WhiteKernel(noise_level=0.5),"{'alpha': 1e-07, 'kernel': 1**2 * RBF(length_scale=0.01) + 1**2 * RBF(length_scale=10) + WhiteKernel(noise_level=0.5)}",-0.7951874190831244,-0.70954840809739,-0.696501545493762,-0.8321380882606548,-0.7598649429357368,-0.7586480807741336,0.0510104987277443,187
110,44.94623618125915,10.97471373569122,0.013462209701538086,0.0031117790739795116,1e-07,1**2 * RBF(length_scale=0.01) + 1**2 * RBF(length_scale=10) + WhiteKernel(noise_level=0.25),"{'alpha': 1e-07, 'kernel': 1**2 * RBF(length_scale=0.01) + 1**2 * RBF(length_scale=10) + WhiteKernel(noise_level=0.25)}",-0.71544700506391,-0.6796980705064603,-0.703197083020963,-0.6902115572097193,-0.7598673642666341,-0.7096842160135373,0.027828023156366132,78
111,55.46363525390625,14.661360190016282,0.016075849533081055,0.0047395420359523,1e-07,1**2 * RBF(length_scale=0.01) + 1**2 * RBF(length_scale=10) + WhiteKernel(noise_level=0.1),"{'alpha': 1e-07, 'kernel': 1**2 * RBF(length_scale=0.01) + 1**2 * RBF(length_scale=10) + WhiteKernel(noise_level=0.1)}",-0.7191147520439863,-0.7095502737009654,-0.696500783269323,-0.6846496065002988,-0.7598652611065645,-0.7139361353242275,0.025757448321879914,137
112,47.89582242965698,3.8914904159711696,0.012765789031982422,0.00125558808550728,1e-07,1**2 * RBF(length_scale=0.001) + 1**2 * RBF(length_scale=0.1) + WhiteKernel(noise_level=1),"{'alpha': 1e-07, 'kernel': 1**2 * RBF(length_scale=0.001) + 1**2 * RBF(length_scale=0.1) + WhiteKernel(noise_level=1)}",-0.7154458987577753,-0.6765398256243497,-0.6965008341424915,-0.6846491325801942,-0.7598648183385238,-0.706600101888667,0.02967436136603687,19
113,44.62607617378235,6.488413511271724,0.016028356552124024,0.005767535112312352,1e-07,1**2 * RBF(length_scale=0.001) + 1**2 * RBF(length_scale=0.1) + WhiteKernel(noise_level=0.5),"{'alpha': 1e-07, 'kernel': 1**2 * RBF(length_scale=0.001) + 1**2 * RBF(length_scale=0.1) + WhiteKernel(noise_level=0.5)}",-0.7154456738687266,-0.6765392357143265,-0.6965010588861799,-0.6846495931600973,-0.7598650499288462,-0.7066001223116354,0.02967446717815174,20
114,50.402294063568114,13.23104586090707,0.018288421630859374,0.005322592705263713,1e-07,1**2 * RBF(length_scale=0.001) + 1**2 * RBF(length_scale=0.1) + WhiteKernel(noise_level=0.25),"{'alpha': 1e-07, 'kernel': 1**2 * RBF(length_scale=0.001) + 1**2 * RBF(length_scale=0.1) + WhiteKernel(noise_level=0.25)}",-0.715446011620229,-0.676536894570791,-0.6965009686090287,-0.6846494005855057,-0.7598652702157436,-0.7065997091202595,0.029675075366568174,11
115,45.914428043365476,6.1170846035899,0.014279365539550781,0.0018974648031260797,1e-07,1**2 * RBF(length_scale=0.001) + 1**2 * RBF(length_scale=0.1) + WhiteKernel(noise_level=0.1),"{'alpha': 1e-07, 'kernel': 1**2 * RBF(length_scale=0.001) + 1**2 * RBF(length_scale=0.1) + WhiteKernel(noise_level=0.1)}",-0.7154458917495048,-0.6765401800424746,-0.6965010659385664,-0.6846495552833523,-0.7598650020454235,-0.7066003390118643,0.029674276777987077,30
116,37.11045036315918,1.072801021027734,0.015099430084228515,0.003926631858422379,1e-07,1**2 * RBF(length_scale=0.001) + 1**2 * RBF(length_scale=1) + WhiteKernel(noise_level=1),"{'alpha': 1e-07, 'kernel': 1**2 * RBF(length_scale=0.001) + 1**2 * RBF(length_scale=1) + WhiteKernel(noise_level=1)}",-0.7154546845667158,-0.6765384655219467,-0.6965019302584439,-0.6846482786545588,-0.7598650302490157,-0.7066016778501363,0.02967528874278095,36
117,43.548075437545776,12.499284154045286,0.016333389282226562,0.004798566695300956,1e-07,1**2 * RBF(length_scale=0.001) + 1**2 * RBF(length_scale=1) + WhiteKernel(noise_level=0.5),"{'alpha': 1e-07, 'kernel': 1**2 * RBF(length_scale=0.001) + 1**2 * RBF(length_scale=1) + WhiteKernel(noise_level=0.5)}",-0.7154457944643091,-0.6765389110276138,-0.6964923292538758,-0.6846509112507438,-0.7598648246171463,-0.7065985541227378,0.02967485867123162,5
118,48.333909559249875,10.894297888640239,0.017314815521240236,0.005999364107487831,1e-07,1**2 * RBF(length_scale=0.001) + 1**2 * RBF(length_scale=1) + WhiteKernel(noise_level=0.25),"{'alpha': 1e-07, 'kernel': 1**2 * RBF(length_scale=0.001) + 1**2 * RBF(length_scale=1) + WhiteKernel(noise_level=0.25)}",-0.7191148861654238,-0.6765389494125628,-0.6965011073446434,-0.6902117941064165,-0.7598650904117701,-0.7084463654881633,0.02915810210704227,63
119,48.38342294692993,9.757121465962118,0.01624464988708496,0.004638326258120392,1e-07,1**2 * RBF(length_scale=0.001) + 1**2 * RBF(length_scale=1) + WhiteKernel(noise_level=0.1),"{'alpha': 1e-07, 'kernel': 1**2 * RBF(length_scale=0.001) + 1**2 * RBF(length_scale=1) + WhiteKernel(noise_level=0.1)}",-0.7154399821983538,-0.6765384584201435,-0.6965012079669166,-0.6846429864508793,-0.7598645027932499,-0.7065974275659086,0.029675056315611043,2
120,46.007260370254514,7.527044951848292,0.012320613861083985,0.0017476350618301905,1e-07,1**2 * RBF(length_scale=0.001) + 1**2 * RBF(length_scale=5) + WhiteKernel(noise_level=1),"{'alpha': 1e-07, 'kernel': 1**2 * RBF(length_scale=0.001) + 1**2 * RBF(length_scale=5) + WhiteKernel(noise_level=1)}",-0.7191149469365763,-0.6765457840380986,-0.6965010398895005,-0.6846494820162047,-0.764308111019913,-0.7082238727800586,0.03149836596535713,56
121,51.93343734741211,7.87102721090917,0.01294851303100586,0.001717462879357302,1e-07,1**2 * RBF(length_scale=0.001) + 1**2 * RBF(length_scale=5) + WhiteKernel(noise_level=0.5),"{'alpha': 1e-07, 'kernel': 1**2 * RBF(length_scale=0.001) + 1**2 * RBF(length_scale=5) + WhiteKernel(noise_level=0.5)}",-0.7191145800390232,-0.6765383228307077,-0.6965010277635926,-0.69021183468644,-0.7643080126067129,-0.7093347555852952,0.030736625152479515,74
122,42.193566703796385,7.833018665143886,0.016027164459228516,0.007242960500923744,1e-07,1**2 * RBF(length_scale=0.001) + 1**2 * RBF(length_scale=5) + WhiteKernel(noise_level=0.25),"{'alpha': 1e-07, 'kernel': 1**2 * RBF(length_scale=0.001) + 1**2 * RBF(length_scale=5) + WhiteKernel(noise_level=0.25)}",-0.7154459570088929,-0.6765384007433117,-0.703196891675755,-0.6846490934353306,-0.7598649344915901,-0.7079390554709761,0.02933790056964513,50
123,44.54698586463928,7.7763044151576635,0.014712715148925781,0.0017207476167634883,1e-07,1**2 * RBF(length_scale=0.001) + 1**2 * RBF(length_scale=5) + WhiteKernel(noise_level=0.1),"{'alpha': 1e-07, 'kernel': 1**2 * RBF(length_scale=0.001) + 1**2 * RBF(length_scale=5) + WhiteKernel(noise_level=0.1)}",-0.7154467018553828,-0.6765401937919754,-0.7031932042726755,-0.6902111572075881,-0.759864785575864,-0.709051208540697,0.0285277120501346,68
124,44.841007995605466,4.018247270858445,0.017531061172485353,0.005518309795617906,1e-07,1**2 * RBF(length_scale=0.001) + 1**2 * RBF(length_scale=10) + WhiteKernel(noise_level=1),"{'alpha': 1e-07, 'kernel': 1**2 * RBF(length_scale=0.001) + 1**2 * RBF(length_scale=10) + WhiteKernel(noise_level=1)}",-0.7154442551042389,-0.6765394611032176,-0.6965006002425588,-0.6846496146878253,-0.7598651711022116,-0.7065998204480104,0.029674408470310068,14
125,45.917607355117795,5.63745469090603,0.012885761260986329,0.0028943706908301312,1e-07,1**2 * RBF(length_scale=0.001) + 1**2 * RBF(length_scale=10) + WhiteKernel(noise_level=0.5),"{'alpha': 1e-07, 'kernel': 1**2 * RBF(length_scale=0.001) + 1**2 * RBF(length_scale=10) + WhiteKernel(noise_level=0.5)}",-0.7191146544150945,-0.6765389828270492,-0.6965008724331964,-0.6846510068513385,-0.7598641808704646,-0.7073339394794287,0.029927952266924303,44
126,51.024969482421874,7.989185962159567,0.015630149841308595,0.005141077336521801,1e-07,1**2 * RBF(length_scale=0.001) + 1**2 * RBF(length_scale=10) + WhiteKernel(noise_level=0.25),"{'alpha': 1e-07, 'kernel': 1**2 * RBF(length_scale=0.001) + 1**2 * RBF(length_scale=10) + WhiteKernel(noise_level=0.25)}",-0.7154456552139973,-0.676538231046092,-0.6965010084144463,-0.6846494178754461,-0.7598648425182991,-0.7065998310136561,0.02967462452605376,15
127,56.138621139526364,11.623705531358144,0.01628713607788086,0.004285061955274498,1e-07,1**2 * RBF(length_scale=0.001) + 1**2 * RBF(length_scale=10) + WhiteKernel(noise_level=0.1),"{'alpha': 1e-07, 'kernel': 1**2 * RBF(length_scale=0.001) + 1**2 * RBF(length_scale=10) + WhiteKernel(noise_level=0.1)}",-0.715445935412738,-0.6765390358088499,-0.6965010267480749,-0.6846496020619048,-0.7598651822523884,-0.7066001564567912,0.029674571646679363,21
128,42.54112696647644,3.6965089494808665,0.01650824546813965,0.006945713532635517,1e-07,1**2 * RBF(length_scale=0.0001) + 1**2 * RBF(length_scale=0.1) + WhiteKernel(noise_level=1),"{'alpha': 1e-07, 'kernel': 1**2 * RBF(length_scale=0.0001) + 1**2 * RBF(length_scale=0.1) + WhiteKernel(noise_level=1)}",-0.7191149981522528,-0.6797124692216906,-0.7031973835321343,-0.6902115719391323,-0.764308256585551,-0.7113089358861522,0.02959424050548817,133
129,35.37754983901978,2.092250602861316,0.013704633712768555,0.0018088674431592916,1e-07,1**2 * RBF(length_scale=0.0001) + 1**2 * RBF(length_scale=0.1) + WhiteKernel(noise_level=0.5),"{'alpha': 1e-07, 'kernel': 1**2 * RBF(length_scale=0.0001) + 1**2 * RBF(length_scale=0.1) + WhiteKernel(noise_level=0.5)}",-0.7191146688832406,-0.6796943730742561,-0.6965009865697999,-0.6902098445860189,-0.7643084517249186,-0.7099656649676468,0.0300824994353771,80
130,44.8301764011383,8.816362032226492,0.014030218124389648,0.0018885609863177816,1e-07,1**2 * RBF(length_scale=0.0001) + 1**2 * RBF(length_scale=0.1) + WhiteKernel(noise_level=0.25),"{'alpha': 1e-07, 'kernel': 1**2 * RBF(length_scale=0.0001) + 1**2 * RBF(length_scale=0.1) + WhiteKernel(noise_level=0.25)}",-0.7191146464109368,-0.6797000932219587,-0.7385456864384994,-0.6902116519549015,-0.7643082607757788,-0.7183760677604151,0.031003840715008696,145
131,42.05702509880066,3.3925471199713377,0.015724325180053712,0.00505476241502771,1e-07,1**2 * RBF(length_scale=0.0001) + 1**2 * RBF(length_scale=0.1) + WhiteKernel(noise_level=0.1),"{'alpha': 1e-07, 'kernel': 1**2 * RBF(length_scale=0.0001) + 1**2 * RBF(length_scale=0.1) + WhiteKernel(noise_level=0.1)}",-0.7191146701396662,-0.6796994283221379,-0.7031970698632031,-0.6902115405100449,-0.7643082082756689,-0.7113061834221442,0.029597012530469792,116
132,54.968648719787595,7.29426987812441,0.0161038875579834,0.004930025740022667,1e-07,1**2 * RBF(length_scale=0.0001) + 1**2 * RBF(length_scale=1) + WhiteKernel(noise_level=1),"{'alpha': 1e-07, 'kernel': 1**2 * RBF(length_scale=0.0001) + 1**2 * RBF(length_scale=1) + WhiteKernel(noise_level=1)}",-0.719114769360758,-0.6796997807251397,-0.7031969450867253,-0.6902116624124924,-0.759865016427161,-0.7104176348024553,0.028016744772990848,94
133,43.89933052062988,5.336666672514966,0.016283750534057617,0.004776272907871676,1e-07,1**2 * RBF(length_scale=0.0001) + 1**2 * RBF(length_scale=1) + WhiteKernel(noise_level=0.5),"{'alpha': 1e-07, 'kernel': 1**2 * RBF(length_scale=0.0001) + 1**2 * RBF(length_scale=1) + WhiteKernel(noise_level=0.5)}",-0.7191147238784984,-0.6796993784553919,-0.703196981490734,-0.690211740407871,-0.7643082652660607,-0.7113062178997112,0.029597022776268973,117
134,44.038206815719604,7.967728145726789,0.01660308837890625,0.004943226845014332,1e-07,1**2 * RBF(length_scale=0.0001) + 1**2 * RBF(length_scale=1) + WhiteKernel(noise_level=0.25),"{'alpha': 1e-07, 'kernel': 1**2 * RBF(length_scale=0.0001) + 1**2 * RBF(length_scale=1) + WhiteKernel(noise_level=0.25)}",-0.7154441946270735,-0.6796981693493075,-0.7031970068346411,-0.6902116930566442,-0.7643082195382801,-0.7105718566811893,0.029439584279374636,100
135,45.56322174072265,5.742701740198809,0.017024707794189454,0.0034417235744493486,1e-07,1**2 * RBF(length_scale=0.0001) + 1**2 * RBF(length_scale=1) + WhiteKernel(noise_level=0.1),"{'alpha': 1e-07, 'kernel': 1**2 * RBF(length_scale=0.0001) + 1**2 * RBF(length_scale=1) + WhiteKernel(noise_level=0.1)}",-0.7191151732847502,-0.6797004108641085,-0.7031969939279187,-0.6902099717892474,-0.7598657714187791,-0.7104176642569607,0.02801713952581966,95
136,46.00144577026367,12.057320230610692,0.01516118049621582,0.004730841197504791,1e-07,1**2 * RBF(length_scale=0.0001) + 1**2 * RBF(length_scale=5) + WhiteKernel(noise_level=1),"{'alpha': 1e-07, 'kernel': 1**2 * RBF(length_scale=0.0001) + 1**2 * RBF(length_scale=5) + WhiteKernel(noise_level=1)}",-0.7191146939038701,-0.6797001496817952,-0.7031969619202981,-0.6902116085605295,-0.7643082581765931,-0.7113063344486172,0.029596873804034494,123
137,45.47111105918884,6.833245796898335,0.015589332580566407,0.00403897937199636,1e-07,1**2 * RBF(length_scale=0.0001) + 1**2 * RBF(length_scale=5) + WhiteKernel(noise_level=0.5),"{'alpha': 1e-07, 'kernel': 1**2 * RBF(length_scale=0.0001) + 1**2 * RBF(length_scale=5) + WhiteKernel(noise_level=0.5)}",-0.7191146023251084,-0.6796998796783945,-0.6965010570188109,-0.6902116814736445,-0.7643082552390009,-0.7099670951469919,0.030081068638651287,83
138,47.29794301986694,6.813213773704544,0.017995738983154298,0.005892981947552148,1e-07,1**2 * RBF(length_scale=0.0001) + 1**2 * RBF(length_scale=5) + WhiteKernel(noise_level=0.25),"{'alpha': 1e-07, 'kernel': 1**2 * RBF(length_scale=0.0001) + 1**2 * RBF(length_scale=5) + WhiteKernel(noise_level=0.25)}",-0.7191146776361509,-0.6797002347362072,-0.7031969565639282,-0.6902120161260784,-0.759864943517831,-0.7104177657160392,0.028016562174215935,97
139,48.16205191612244,6.32664372800045,0.01762070655822754,0.004091827506996139,1e-07,1**2 * RBF(length_scale=0.0001) + 1**2 * RBF(length_scale=5) + WhiteKernel(noise_level=0.1),"{'alpha': 1e-07, 'kernel': 1**2 * RBF(length_scale=0.0001) + 1**2 * RBF(length_scale=5) + WhiteKernel(noise_level=0.1)}",-0.7191146999211869,-0.6797000645269404,-0.7031970765850349,-0.6902120720419214,-0.7643082741211773,-0.7113064374392521,0.029596825668630023,129
140,39.32840690612793,10.274487603280473,0.013674116134643555,0.002394591315354923,1e-07,1**2 * RBF(length_scale=0.0001) + 1**2 * RBF(length_scale=10) + WhiteKernel(noise_level=1),"{'alpha': 1e-07, 'kernel': 1**2 * RBF(length_scale=0.0001) + 1**2 * RBF(length_scale=10) + WhiteKernel(noise_level=1)}",-0.7191148680946917,-0.6765383287482301,-0.7031969904051488,-0.6902112182729015,-0.7643098724151403,-0.7106742555872225,0.030291682765735708,110
141,44.24575715065002,6.9250141338312075,0.013328981399536134,0.0031772630092171354,1e-07,1**2 * RBF(length_scale=0.0001) + 1**2 * RBF(length_scale=10) + WhiteKernel(noise_level=0.5),"{'alpha': 1e-07, 'kernel': 1**2 * RBF(length_scale=0.0001) + 1**2 * RBF(length_scale=10) + WhiteKernel(noise_level=0.5)}",-0.7191145315900059,-0.6796992679902992,-0.7031970501951056,-0.6902114993707517,-0.7643082105901976,-0.711306111947272,0.029597047234634112,115
142,46.517726278305055,6.3281496420037495,0.016572332382202147,0.006539620532324591,1e-07,1**2 * RBF(length_scale=0.0001) + 1**2 * RBF(length_scale=10) + WhiteKernel(noise_level=0.25),"{'alpha': 1e-07, 'kernel': 1**2 * RBF(length_scale=0.0001) + 1**2 * RBF(length_scale=10) + WhiteKernel(noise_level=0.25)}",-0.7191147049305444,-0.6797003527737389,-0.7031969139616889,-0.6902116197704783,-0.7643082508088336,-0.7113063684490568,0.029596829401310105,126
143,60.936051273345946,7.748944430724599,0.015229749679565429,0.004210481204631131,1e-07,1**2 * RBF(length_scale=0.0001) + 1**2 * RBF(length_scale=10) + WhiteKernel(noise_level=0.1),"{'alpha': 1e-07, 'kernel': 1**2 * RBF(length_scale=0.0001) + 1**2 * RBF(length_scale=10) + WhiteKernel(noise_level=0.1)}",-0.7191146861042468,-0.679700243058843,-0.6965010084779037,-0.6902116497311406,-0.7643082632056664,-0.7099671701155601,0.030081012002119236,85
144,41.349311447143556,10.069304049851233,0.015767717361450197,0.004480449506460912,1e-09,1**2 * RBF(length_scale=0.01) + 1**2 * RBF(length_scale=0.1) + WhiteKernel(noise_level=1),"{'alpha': 1e-09, 'kernel': 1**2 * RBF(length_scale=0.01) + 1**2 * RBF(length_scale=0.1) + WhiteKernel(noise_level=1)}",-0.7191145163691417,-0.709548398114498,-0.810268045794462,-0.6902116639291176,-0.7643082136454965,-0.7386901675705431,0.04327191028377766,166
145,44.59721646308899,8.169027296780463,0.011438608169555664,0.002280767133273975,1e-09,1**2 * RBF(length_scale=0.01) + 1**2 * RBF(length_scale=0.1) + WhiteKernel(noise_level=0.5),"{'alpha': 1e-09, 'kernel': 1**2 * RBF(length_scale=0.01) + 1**2 * RBF(length_scale=0.1) + WhiteKernel(noise_level=0.5)}",-0.7191146389935562,-0.7659934100419022,-0.7031967994007624,-0.6846492469516793,-0.7598650171357262,-0.7265638225047253,0.03169227566685584,153
146,40.00231380462647,6.721059768514546,0.01408696174621582,0.003979390121807389,1e-09,1**2 * RBF(length_scale=0.01) + 1**2 * RBF(length_scale=0.1) + WhiteKernel(noise_level=0.25),"{'alpha': 1e-09, 'kernel': 1**2 * RBF(length_scale=0.01) + 1**2 * RBF(length_scale=0.1) + WhiteKernel(noise_level=0.25)}",-0.795187293960593,-0.750469335221425,-0.7031971894602165,-0.8321441359083318,-0.7643082386842297,-0.7690612386469592,0.04328589966731361,191
147,60.418523693084715,37.46254373409908,0.014920186996459962,0.00420322351405483,1e-09,1**2 * RBF(length_scale=0.01) + 1**2 * RBF(length_scale=0.1) + WhiteKernel(noise_level=0.1),"{'alpha': 1e-09, 'kernel': 1**2 * RBF(length_scale=0.01) + 1**2 * RBF(length_scale=0.1) + WhiteKernel(noise_level=0.1)}",-0.719114623420567,-0.765993265922645,-0.7031969684580761,-0.6846480401943753,-0.7765275657688091,-0.7298960927528946,0.0356481970536899,155
148,41.30941367149353,10.01725336061741,0.013497304916381837,0.005448360052048355,1e-09,1**2 * RBF(length_scale=0.01) + 1**2 * RBF(length_scale=1) + WhiteKernel(noise_level=1),"{'alpha': 1e-09, 'kernel': 1**2 * RBF(length_scale=0.01) + 1**2 * RBF(length_scale=1) + WhiteKernel(noise_level=1)}",-0.7191146721354295,-0.7095463184438413,-0.6965010115074496,-0.8321380469901196,-0.7765335627362339,-0.7467667223626149,0.050697068735582405,182
149,40.80503849983215,7.375071376229016,0.01519913673400879,0.0049143503740896495,1e-09,1**2 * RBF(length_scale=0.01) + 1**2 * RBF(length_scale=1) + WhiteKernel(noise_level=0.5),"{'alpha': 1e-09, 'kernel': 1**2 * RBF(length_scale=0.01) + 1**2 * RBF(length_scale=1) + WhiteKernel(noise_level=0.5)}",-0.768656123375715,-0.6765389956430918,-0.6801227731215389,-0.8321377045057918,-0.7643082814385006,-0.7443527756169276,0.05902418256918055,178
150,48.76399221420288,13.329515198081474,0.016312122344970703,0.005035798536169308,1e-09,1**2 * RBF(length_scale=0.01) + 1**2 * RBF(length_scale=1) + WhiteKernel(noise_level=0.25),"{'alpha': 1e-09, 'kernel': 1**2 * RBF(length_scale=0.01) + 1**2 * RBF(length_scale=1) + WhiteKernel(noise_level=0.25)}",-0.7686519850684369,-0.6797011835210754,-0.703197069248881,-0.6902117163280427,-0.7598650471060872,-0.7203254002545046,0.03674066722527433,148
151,44.613268041610716,9.259440492178296,0.01407780647277832,0.0010930108998980829,1e-09,1**2 * RBF(length_scale=0.01) + 1**2 * RBF(length_scale=1) + WhiteKernel(noise_level=0.1),"{'alpha': 1e-09, 'kernel': 1**2 * RBF(length_scale=0.01) + 1**2 * RBF(length_scale=1) + WhiteKernel(noise_level=0.1)}",-0.7191146330222008,-0.679699053894704,-0.7031971075181791,-0.8321377542522095,-0.7598666340016186,-0.7388030365377823,0.053485962359417306,167
152,48.24906506538391,7.6397702860221655,0.011661243438720704,0.0020567174457517988,1e-09,1**2 * RBF(length_scale=0.01) + 1**2 * RBF(length_scale=5) + WhiteKernel(noise_level=1),"{'alpha': 1e-09, 'kernel': 1**2 * RBF(length_scale=0.01) + 1**2 * RBF(length_scale=5) + WhiteKernel(noise_level=1)}",-0.7191147429390723,-0.676538852201973,-0.6965008333682967,-0.6902115005169903,-0.759864860128657,-0.7084461578309977,0.029158090851652198,60
153,50.227157783508304,6.410163335882801,0.018015527725219728,0.005213926164315754,1e-09,1**2 * RBF(length_scale=0.01) + 1**2 * RBF(length_scale=5) + WhiteKernel(noise_level=0.5),"{'alpha': 1e-09, 'kernel': 1**2 * RBF(length_scale=0.01) + 1**2 * RBF(length_scale=5) + WhiteKernel(noise_level=0.5)}",-0.7191150689052558,-0.6797005082846972,-0.7031970163187469,-0.684650087671536,-0.7643082283866668,-0.7101941819133806,0.0304605891564901,91
154,44.53688988685608,6.932075519656498,0.014710807800292968,0.001529080136817669,1e-09,1**2 * RBF(length_scale=0.01) + 1**2 * RBF(length_scale=5) + WhiteKernel(noise_level=0.25),"{'alpha': 1e-09, 'kernel': 1**2 * RBF(length_scale=0.01) + 1**2 * RBF(length_scale=5) + WhiteKernel(noise_level=0.25)}",-0.7154458794367097,-0.701796414247366,-0.703196980755508,-0.8321378325026167,-0.7728012136070307,-0.7450756641098463,0.05070181256740298,180
155,43.639019060134885,6.380735168276177,0.01534442901611328,0.002905167378271089,1e-09,1**2 * RBF(length_scale=0.01) + 1**2 * RBF(length_scale=5) + WhiteKernel(noise_level=0.1),"{'alpha': 1e-09, 'kernel': 1**2 * RBF(length_scale=0.01) + 1**2 * RBF(length_scale=5) + WhiteKernel(noise_level=0.1)}",-0.7154454820709933,-0.6797001431551049,-0.6801268179778928,-0.8321300897668467,-0.7598604247895603,-0.7334525915520795,0.05743142369477297,159
156,45.484844827651976,8.85987812615932,0.015299606323242187,0.00523627998429936,1e-09,1**2 * RBF(length_scale=0.01) + 1**2 * RBF(length_scale=10) + WhiteKernel(noise_level=1),"{'alpha': 1e-09, 'kernel': 1**2 * RBF(length_scale=0.01) + 1**2 * RBF(length_scale=10) + WhiteKernel(noise_level=1)}",-0.7191151152852979,-0.6765408683172686,-0.738562030524566,-0.8321378222319056,-0.7643078355699202,-0.7461327343857918,0.05168656413456805,181
157,43.69156365394592,5.532564806087652,0.016018247604370116,0.004619164946592367,1e-09,1**2 * RBF(length_scale=0.01) + 1**2 * RBF(length_scale=10) + WhiteKernel(noise_level=0.5),"{'alpha': 1e-09, 'kernel': 1**2 * RBF(length_scale=0.01) + 1**2 * RBF(length_scale=10) + WhiteKernel(noise_level=0.5)}",-0.7191135524652114,-0.7017973439977022,-0.7031967861545295,-0.6902116832301646,-0.7643082609303896,-0.7157255253555994,0.025975683265446418,139
158,46.86215386390686,8.19054051124084,0.01466822624206543,0.005141108079400455,1e-09,1**2 * RBF(length_scale=0.01) + 1**2 * RBF(length_scale=10) + WhiteKernel(noise_level=0.25),"{'alpha': 1e-09, 'kernel': 1**2 * RBF(length_scale=0.01) + 1**2 * RBF(length_scale=10) + WhiteKernel(noise_level=0.25)}",-0.7191088799580104,-0.6797000790264456,-0.6965010203138933,-0.8321362029691692,-0.7728008464203726,-0.7400494057375783,0.05573086006620093,173
159,44.81832556724548,6.905593776901907,0.013045883178710938,0.0016774578516400979,1e-09,1**2 * RBF(length_scale=0.01) + 1**2 * RBF(length_scale=10) + WhiteKernel(noise_level=0.1),"{'alpha': 1e-09, 'kernel': 1**2 * RBF(length_scale=0.01) + 1**2 * RBF(length_scale=10) + WhiteKernel(noise_level=0.1)}",-0.7191145710991649,-0.6797000269953322,-0.8073156378143393,-0.8321380818512247,-0.7598650247824968,-0.7596266685085117,0.05578834597333752,188
160,43.07574777603149,8.952946001285211,0.01570549011230469,0.005298721884919159,1e-09,1**2 * RBF(length_scale=0.001) + 1**2 * RBF(length_scale=0.1) + WhiteKernel(noise_level=1),"{'alpha': 1e-09, 'kernel': 1**2 * RBF(length_scale=0.001) + 1**2 * RBF(length_scale=0.1) + WhiteKernel(noise_level=1)}",-0.7154454521880599,-0.6765391703740264,-0.6965009590894558,-0.684649148053286,-0.759865147374149,-0.7065999754157953,0.029674574825932238,17
161,41.52610592842102,3.432489094434391,0.018365144729614258,0.005756688502635339,1e-09,1**2 * RBF(length_scale=0.001) + 1**2 * RBF(length_scale=0.1) + WhiteKernel(noise_level=0.5),"{'alpha': 1e-09, 'kernel': 1**2 * RBF(length_scale=0.001) + 1**2 * RBF(length_scale=0.1) + WhiteKernel(noise_level=0.5)}",-0.7154455941571349,-0.6765356862496751,-0.6965009570156051,-0.6846506441407607,-0.7598651895959831,-0.7065996142318317,0.029675083187950254,9
162,45.163871669769286,4.9930200571182,0.01351318359375,0.005101083247097692,1e-09,1**2 * RBF(length_scale=0.001) + 1**2 * RBF(length_scale=0.1) + WhiteKernel(noise_level=0.25),"{'alpha': 1e-09, 'kernel': 1**2 * RBF(length_scale=0.001) + 1**2 * RBF(length_scale=0.1) + WhiteKernel(noise_level=0.25)}",-0.7154460116354451,-0.6765368945396069,-0.6965009686102486,-0.684649400512213,-0.7598651932749642,-0.7065996937144955,0.029675047763438565,10
163,47.82378091812134,4.550374515314841,0.013302326202392578,0.0029587393972994773,1e-09,1**2 * RBF(length_scale=0.001) + 1**2 * RBF(length_scale=0.1) + WhiteKernel(noise_level=0.1),"{'alpha': 1e-09, 'kernel': 1**2 * RBF(length_scale=0.001) + 1**2 * RBF(length_scale=0.1) + WhiteKernel(noise_level=0.1)}",-0.7154458917501355,-0.6765401684927763,-0.6965010659324037,-0.6846495552988088,-0.7598650020366531,-0.7066003367021555,0.029674279112987124,29
164,49.1424786567688,11.90152651068263,0.013789892196655273,0.006213676183891186,1e-09,1**2 * RBF(length_scale=0.001) + 1**2 * RBF(length_scale=1) + WhiteKernel(noise_level=1),"{'alpha': 1e-09, 'kernel': 1**2 * RBF(length_scale=0.001) + 1**2 * RBF(length_scale=1) + WhiteKernel(noise_level=1)}",-0.715445929899822,-0.6765389701239274,-0.6965015572686172,-0.6846495144630363,-0.759864913810312,-0.706600177113143,0.029674465107136408,24
165,52.2173131942749,8.762385002491797,0.013368320465087891,0.00580601920571299,1e-09,1**2 * RBF(length_scale=0.001) + 1**2 * RBF(length_scale=1) + WhiteKernel(noise_level=0.5),"{'alpha': 1e-09, 'kernel': 1**2 * RBF(length_scale=0.001) + 1**2 * RBF(length_scale=1) + WhiteKernel(noise_level=0.5)}",-0.7191147228960338,-0.6765387466890747,-0.6965005539082344,-0.6846497083115911,-0.7598650874727108,-0.7073337638555289,0.029928544411153613,42
166,56.99546103477478,22.249581556178388,0.016622638702392577,0.005084945697464078,1e-09,1**2 * RBF(length_scale=0.001) + 1**2 * RBF(length_scale=1) + WhiteKernel(noise_level=0.25),"{'alpha': 1e-09, 'kernel': 1**2 * RBF(length_scale=0.001) + 1**2 * RBF(length_scale=1) + WhiteKernel(noise_level=0.25)}",-0.7154466998109339,-0.6765389494170775,-0.6965011073958268,-0.6902117941092337,-0.759865090294981,-0.7077127282056106,0.028925666138145345,48
167,47.73702630996704,3.7629047246252756,0.015223932266235352,0.004639563960463449,1e-09,1**2 * RBF(length_scale=0.001) + 1**2 * RBF(length_scale=1) + WhiteKernel(noise_level=0.1),"{'alpha': 1e-09, 'kernel': 1**2 * RBF(length_scale=0.001) + 1**2 * RBF(length_scale=1) + WhiteKernel(noise_level=0.1)}",-0.7154458204318468,-0.676538445883546,-0.696500599974307,-0.6846429859231965,-0.7598645029261825,-0.7065984710278157,0.029675448381924773,4
168,44.786379766464236,9.543146113696112,0.014839601516723634,0.005336601056032221,1e-09,1**2 * RBF(length_scale=0.001) + 1**2 * RBF(length_scale=5) + WhiteKernel(noise_level=1),"{'alpha': 1e-09, 'kernel': 1**2 * RBF(length_scale=0.001) + 1**2 * RBF(length_scale=5) + WhiteKernel(noise_level=1)}",-0.7191150680499512,-0.6765346472526353,-0.6965010094340074,-0.6902121704942727,-0.7643081657391763,-0.7093342121940086,0.030737455138153773,73
169,42.32248063087464,5.293700583228609,0.011835050582885743,0.0013878215970390315,1e-09,1**2 * RBF(length_scale=0.001) + 1**2 * RBF(length_scale=5) + WhiteKernel(noise_level=0.5),"{'alpha': 1e-09, 'kernel': 1**2 * RBF(length_scale=0.001) + 1**2 * RBF(length_scale=5) + WhiteKernel(noise_level=0.5)}",-0.7191147186682681,-0.6765388339135173,-0.6965007329823376,-0.6846501646546775,-0.7643079648087947,-0.708222483005519,0.03149961683152004,55
170,49.87507147789002,7.086224216970054,0.01662306785583496,0.005368430291052705,1e-09,1**2 * RBF(length_scale=0.001) + 1**2 * RBF(length_scale=5) + WhiteKernel(noise_level=0.25),"{'alpha': 1e-09, 'kernel': 1**2 * RBF(length_scale=0.001) + 1**2 * RBF(length_scale=5) + WhiteKernel(noise_level=0.25)}",-0.7154459578917006,-0.6765389865930078,-0.6965012302345283,-0.6902117877170421,-0.7598648733541193,-0.7077125671580797,0.028925531475527254,47
171,47.350652074813844,9.178828477523254,0.017258405685424805,0.005683899219804154,1e-09,1**2 * RBF(length_scale=0.001) + 1**2 * RBF(length_scale=5) + WhiteKernel(noise_level=0.1),"{'alpha': 1e-09, 'kernel': 1**2 * RBF(length_scale=0.001) + 1**2 * RBF(length_scale=5) + WhiteKernel(noise_level=0.1)}",-0.7191150707226888,-0.6765401932651635,-0.6965010093576072,-0.6846493047196126,-0.759864749808034,-0.7073340655746211,0.029928183781146565,45
172,51.49018044471741,12.217557992656548,0.015783262252807618,0.0049065468491842215,1e-09,1**2 * RBF(length_scale=0.001) + 1**2 * RBF(length_scale=10) + WhiteKernel(noise_level=1),"{'alpha': 1e-09, 'kernel': 1**2 * RBF(length_scale=0.001) + 1**2 * RBF(length_scale=10) + WhiteKernel(noise_level=1)}",-0.7191150623686579,-0.6765389967929378,-0.6965009601380754,-0.6902089888500853,-0.7598651452271851,-0.7084458306753884,0.02915848690936436,57
173,48.54288988113403,4.897450954567591,0.014004802703857422,0.0013051855620947327,1e-09,1**2 * RBF(length_scale=0.001) + 1**2 * RBF(length_scale=10) + WhiteKernel(noise_level=0.5),"{'alpha': 1e-09, 'kernel': 1**2 * RBF(length_scale=0.001) + 1**2 * RBF(length_scale=10) + WhiteKernel(noise_level=0.5)}",-0.7191147456840356,-0.6765393388245544,-0.6965010107200211,-0.6846480818669656,-0.7598649620958419,-0.7073336278382837,0.029928593826251005,40
174,53.97636675834656,3.7161388904933492,0.018048429489135744,0.004141775088717685,1e-09,1**2 * RBF(length_scale=0.001) + 1**2 * RBF(length_scale=10) + WhiteKernel(noise_level=0.25),"{'alpha': 1e-09, 'kernel': 1**2 * RBF(length_scale=0.001) + 1**2 * RBF(length_scale=10) + WhiteKernel(noise_level=0.25)}",-0.7154456949297392,-0.6765390939020339,-0.696501017342576,-0.6846493323055374,-0.7598649547679487,-0.7066000186495669,0.029674504422477908,18
175,50.14995255470276,9.187412188400087,0.017357254028320314,0.006027904639677911,1e-09,1**2 * RBF(length_scale=0.001) + 1**2 * RBF(length_scale=10) + WhiteKernel(noise_level=0.1),"{'alpha': 1e-09, 'kernel': 1**2 * RBF(length_scale=0.001) + 1**2 * RBF(length_scale=10) + WhiteKernel(noise_level=0.1)}",-0.7154459839235849,-0.6765390344724691,-0.6965010078214736,-0.6846495824580819,-0.7598651822526857,-0.7066001581856591,0.02967457899818267,22
176,46.78677744865418,6.637937179322793,0.014607715606689452,0.003416577601156135,1e-09,1**2 * RBF(length_scale=0.0001) + 1**2 * RBF(length_scale=0.1) + WhiteKernel(noise_level=1),"{'alpha': 1e-09, 'kernel': 1**2 * RBF(length_scale=0.0001) + 1**2 * RBF(length_scale=0.1) + WhiteKernel(noise_level=1)}",-0.719114675684298,-0.6797117906856782,-0.7031969264970742,-0.69021163723361,-0.7643082550218192,-0.711308657024496,0.029594383567949852,132
177,41.722933292388916,8.538575604109969,0.013409948348999024,0.0017869422313220164,1e-09,1**2 * RBF(length_scale=0.0001) + 1**2 * RBF(length_scale=0.1) + WhiteKernel(noise_level=0.5),"{'alpha': 1e-09, 'kernel': 1**2 * RBF(length_scale=0.0001) + 1**2 * RBF(length_scale=0.1) + WhiteKernel(noise_level=0.5)}",-0.7191146970115326,-0.6796954868487123,-0.7031969824945994,-0.68464911315642,-0.7598649570389442,-0.7093042473100416,0.028894578423473243,72
178,53.19153561592102,8.449235634464081,0.016333723068237306,0.004743551931312241,1e-09,1**2 * RBF(length_scale=0.0001) + 1**2 * RBF(length_scale=0.1) + WhiteKernel(noise_level=0.25),"{'alpha': 1e-09, 'kernel': 1**2 * RBF(length_scale=0.0001) + 1**2 * RBF(length_scale=0.1) + WhiteKernel(noise_level=0.25)}",-0.719114646410149,-0.6797000932264758,-0.7385456870731651,-0.6902116519571448,-0.7598649376821419,-0.7174874032698153,0.02971128428671579,144
179,41.984677934646605,8.274890475411492,0.01577448844909668,0.004515009963908354,1e-09,1**2 * RBF(length_scale=0.0001) + 1**2 * RBF(length_scale=0.1) + WhiteKernel(noise_level=0.1),"{'alpha': 1e-09, 'kernel': 1**2 * RBF(length_scale=0.0001) + 1**2 * RBF(length_scale=0.1) + WhiteKernel(noise_level=0.1)}",-0.7191146701384393,-0.6796994283972696,-0.6965009745088708,-0.6902138827262038,-0.764308260777681,-0.7099674433096929,0.030080883850623494,86
180,48.22928490638733,15.73194640848623,0.017411565780639647,0.005250525016327954,1e-09,1**2 * RBF(length_scale=0.0001) + 1**2 * RBF(length_scale=1) + WhiteKernel(noise_level=1),"{'alpha': 1e-09, 'kernel': 1**2 * RBF(length_scale=0.0001) + 1**2 * RBF(length_scale=1) + WhiteKernel(noise_level=1)}",-0.7191145945365324,-0.6797001453377998,-0.7031969623342327,-0.6902116571006748,-0.7643082596111899,-0.711306323784086,0.02959686306063878,121
181,40.04444351196289,6.6397220178005,0.011890888214111328,0.003259840764742595,1e-09,1**2 * RBF(length_scale=0.0001) + 1**2 * RBF(length_scale=1) + WhiteKernel(noise_level=0.5),"{'alpha': 1e-09, 'kernel': 1**2 * RBF(length_scale=0.0001) + 1**2 * RBF(length_scale=1) + WhiteKernel(noise_level=0.5)}",-0.7191148131200028,-0.6797004666349018,-0.7031971457533472,-0.6902118695415342,-0.7643082669580225,-0.7113065124015618,0.0295967682695405,131
182,45.499613189697264,6.574815641765109,0.015687084197998045,0.005650938915087372,1e-09,1**2 * RBF(length_scale=0.0001) + 1**2 * RBF(length_scale=1) + WhiteKernel(noise_level=0.25),"{'alpha': 1e-09, 'kernel': 1**2 * RBF(length_scale=0.0001) + 1**2 * RBF(length_scale=1) + WhiteKernel(noise_level=0.25)}",-0.7191148154480796,-0.6797001948915338,-0.7031969953603077,-0.6902120331495857,-0.7643082195376328,-0.7113064516774279,0.029596794366568868,130
183,57.80832176208496,30.04766022001189,0.012516212463378907,0.005968472094131433,1e-09,1**2 * RBF(length_scale=0.0001) + 1**2 * RBF(length_scale=1) + WhiteKernel(noise_level=0.1),"{'alpha': 1e-09, 'kernel': 1**2 * RBF(length_scale=0.0001) + 1**2 * RBF(length_scale=1) + WhiteKernel(noise_level=0.1)}",-0.7191151732361627,-0.6765375570027446,-0.6965007487075184,-0.6846495417801052,-0.7643082661870971,-0.7082222573827256,0.031500104520678175,53
184,42.67296295166015,10.131184179951234,0.01535205841064453,0.0036694014097031786,1e-09,1**2 * RBF(length_scale=0.0001) + 1**2 * RBF(length_scale=5) + WhiteKernel(noise_level=1),"{'alpha': 1e-09, 'kernel': 1**2 * RBF(length_scale=0.0001) + 1**2 * RBF(length_scale=5) + WhiteKernel(noise_level=1)}",-0.7191146710030781,-0.676539292691218,-0.7031969617549602,-0.6902118090523152,-0.7643082474601418,-0.7106741963923426,0.03029080068191859,109
185,43.08207859992981,6.718309709026034,0.015097904205322265,0.0016371075745617643,1e-09,1**2 * RBF(length_scale=0.0001) + 1**2 * RBF(length_scale=5) + WhiteKernel(noise_level=0.5),"{'alpha': 1e-09, 'kernel': 1**2 * RBF(length_scale=0.0001) + 1**2 * RBF(length_scale=5) + WhiteKernel(noise_level=0.5)}",-0.7191146417739744,-0.6797000748682955,-0.7031970074439842,-0.6902116788384205,-0.7643082596412083,-0.7113063325131767,0.029596875043989966,122
186,41.03806395530701,3.4650321109591617,0.0193117618560791,0.004468948329657947,1e-09,1**2 * RBF(length_scale=0.0001) + 1**2 * RBF(length_scale=5) + WhiteKernel(noise_level=0.25),"{'alpha': 1e-09, 'kernel': 1**2 * RBF(length_scale=0.0001) + 1**2 * RBF(length_scale=5) + WhiteKernel(noise_level=0.25)}",-0.7191145983372869,-0.6797002210770995,-0.703197394776121,-0.690211671735042,-0.7643082570438693,-0.7113064285938837,0.029596820382496464,128
187,43.80083870887756,5.701279314743821,0.01677675247192383,0.005765591054153203,1e-09,1**2 * RBF(length_scale=0.0001) + 1**2 * RBF(length_scale=5) + WhiteKernel(noise_level=0.1),"{'alpha': 1e-09, 'kernel': 1**2 * RBF(length_scale=0.0001) + 1**2 * RBF(length_scale=5) + WhiteKernel(noise_level=0.1)}",-0.719114627129485,-0.679700290592174,-0.7031971388781525,-0.6902115556113206,-0.7643082673688066,-0.7113063759159877,0.029596841328451487,127
188,41.3907395362854,6.128005427883817,0.01468033790588379,0.006267773820561266,1e-09,1**2 * RBF(length_scale=0.0001) + 1**2 * RBF(length_scale=10) + WhiteKernel(noise_level=1),"{'alpha': 1e-09, 'kernel': 1**2 * RBF(length_scale=0.0001) + 1**2 * RBF(length_scale=10) + WhiteKernel(noise_level=1)}",-0.7191145523698703,-0.6797001465974146,-0.7031969563467455,-0.6902111911072237,-0.7643082601678044,-0.7113062213178118,0.02959692752047949,118
189,40.98727822303772,3.506207607027067,0.010117673873901367,0.006592767625555115,1e-09,1**2 * RBF(length_scale=0.0001) + 1**2 * RBF(length_scale=10) + WhiteKernel(noise_level=0.5),"{'alpha': 1e-09, 'kernel': 1**2 * RBF(length_scale=0.0001) + 1**2 * RBF(length_scale=10) + WhiteKernel(noise_level=0.5)}",-0.7154457473215965,-0.6797002107569321,-0.7031970032989417,-0.69021181650355,-0.7643082135968932,-0.7105725982955827,0.029439188447761406,103
190,33.751735877990725,3.487844892516603,0.008486509323120117,0.004269644708997019,1e-09,1**2 * RBF(length_scale=0.0001) + 1**2 * RBF(length_scale=10) + WhiteKernel(noise_level=0.25),"{'alpha': 1e-09, 'kernel': 1**2 * RBF(length_scale=0.0001) + 1**2 * RBF(length_scale=10) + WhiteKernel(noise_level=0.25)}",-0.7191147048206178,-0.6796983323731485,-0.703196915609658,-0.6902116179546485,-0.7643082697561929,-0.7113059681028531,0.02959726786922452,113
191,31.009353971481325,2.0804751496610168,0.004930257797241211,0.0006431086860450992,1e-09,1**2 * RBF(length_scale=0.0001) + 1**2 * RBF(length_scale=10) + WhiteKernel(noise_level=0.1),"{'alpha': 1e-09, 'kernel': 1**2 * RBF(length_scale=0.0001) + 1**2 * RBF(length_scale=10) + WhiteKernel(noise_level=0.1)}",-0.719114686356173,-0.6797002428853239,-0.7031969683701772,-0.6902117678344765,-0.7598649329091628,-0.7104177196710626,0.028016592389475715,96
